[{"pk": 1, "model": "contenttypes.contenttype", "fields": {"model": "logentry", "name": "log entry", "app_label": "admin"}}, {"pk": 2, "model": "contenttypes.contenttype", "fields": {"model": "permission", "name": "permission", "app_label": "auth"}}, {"pk": 3, "model": "contenttypes.contenttype", "fields": {"model": "group", "name": "group", "app_label": "auth"}}, {"pk": 4, "model": "contenttypes.contenttype", "fields": {"model": "user", "name": "user", "app_label": "auth"}}, {"pk": 5, "model": "contenttypes.contenttype", "fields": {"model": "contenttype", "name": "content type", "app_label": "contenttypes"}}, {"pk": 6, "model": "contenttypes.contenttype", "fields": {"model": "session", "name": "session", "app_label": "sessions"}}, {"pk": 7, "model": "contenttypes.contenttype", "fields": {"model": "site", "name": "site", "app_label": "sites"}}, {"pk": 8, "model": "contenttypes.contenttype", "fields": {"model": "flatpage", "name": "flat page", "app_label": "flatpages"}}, {"pk": 9, "model": "contenttypes.contenttype", "fields": {"model": "attachment", "name": "attachment", "app_label": "django_summernote"}}, {"pk": 10, "model": "contenttypes.contenttype", "fields": {"model": "room", "name": "room", "app_label": "pyconkr"}}, {"pk": 11, "model": "contenttypes.contenttype", "fields": {"model": "programdate", "name": "program date", "app_label": "pyconkr"}}, {"pk": 12, "model": "contenttypes.contenttype", "fields": {"model": "programtime", "name": "program time", "app_label": "pyconkr"}}, {"pk": 13, "model": "contenttypes.contenttype", "fields": {"model": "sponsorlevel", "name": "sponsor level", "app_label": "pyconkr"}}, {"pk": 14, "model": "contenttypes.contenttype", "fields": {"model": "sponsor", "name": "sponsor", "app_label": "pyconkr"}}, {"pk": 15, "model": "contenttypes.contenttype", "fields": {"model": "speaker", "name": "speaker", "app_label": "pyconkr"}}, {"pk": 16, "model": "contenttypes.contenttype", "fields": {"model": "program", "name": "program", "app_label": "pyconkr"}}, {"pk": 17, "model": "contenttypes.contenttype", "fields": {"model": "migrationhistory", "name": "migration history", "app_label": "south"}}, {"pk": 18, "model": "contenttypes.contenttype", "fields": {"model": "announcement", "name": "announcement", "app_label": "pyconkr"}}, {"pk": 19, "model": "contenttypes.contenttype", "fields": {"model": "programcategory", "name": "program category", "app_label": "pyconkr"}}, {"pk": 20, "model": "contenttypes.contenttype", "fields": {"model": "jobfair", "name": "jobfair", "app_label": "pyconkr"}}, {"pk": "209lixuk0cd8asm9nl9f4drg2z2blfiw", "model": "sessions.session", "fields": {"expire_date": "2014-08-23T00:16:24.476Z", "session_data": "NTdmYzY0NWNlZTYxYzU4NjY3ZDg2YTUyMDZkZDQ1MzdkM2YwZGRmMTp7Il9hdXRoX3VzZXJfYmFja2VuZCI6ImRqYW5nby5jb250cmliLmF1dGguYmFja2VuZHMuTW9kZWxCYWNrZW5kIiwiX2F1dGhfdXNlcl9pZCI6MX0="}}, {"pk": 1, "model": "sites.site", "fields": {"domain": "pycon.kr", "name": "pycon.kr"}}, {"pk": 1, "model": "flatpages.flatpage", "fields": {"registration_required": false, "title": "\ud30c\uc774\ucf58 \ud55c\uad6d 2014\uc5d0 \ub300\ud558\uc5ec", "url": "/about/pyconkr/", "template_name": "", "sites": [1], "content": "<h1>\ud30c\uc774\ucf58 \ud55c\uad6d 2014\uc5d0 \ub300\ud558\uc5ec</h1><div><div>PyCon(\ud30c\uc774\ucf58)\uc740 \uc624\ud508\uc18c\uc2a4 \ud504\ub85c\uadf8\ub798\ubc0d \uc5b8\uc5b4\uc778 \ud30c\uc774\uc36c \uc0ac\uc6a9\uc790\ub4e4\uc744 \uc704\ud55c \ud589\uc0ac\uc785\ub2c8\ub2e4.&nbsp;</div><div><br></div><div>\uc62c\ud574 \ud55c\uad6d\uc5d0\uc11c \ucc98\uc74c\uc73c\ub85c \uc5f4\ub9ac\ub294 \ud30c\uc774\ucf58 \ud55c\uad6d 2014 \ub294 \uac1c\ubc1c\uc790\ub4e4\uc758 \uc9c0\uc2dd\uacfc \uacbd\ud5d8\uc744 \uacf5\uc720\ud558\uc5ec \ud55c\uad6d \uac1c\ubc1c\uc790 \ucee4\ubba4\ub2c8\ud2f0\uc640 \ud30c\uc774\uc36c\uc758 \ud65c\uc131\ud654\uc5d0 \uae30\uc5ec\ud558\uace0\uc790 \ud569\ub2c8\ub2e4.&nbsp;</div></div>", "enable_comments": false}}, {"pk": 2, "model": "flatpages.flatpage", "fields": {"registration_required": false, "title": "\ud589\uc0ac \uc0c1\uc138 \uc815\ubcf4", "url": "/about/detail/", "template_name": "", "sites": [1], "content": "<h1>\ud589\uc0ac \uc0c1\uc138 \uc815\ubcf4</h1>", "enable_comments": false}}, {"pk": 3, "model": "flatpages.flatpage", "fields": {"registration_required": false, "title": "\ud30c\uc774\ucf58 \ud55c\uad6d \ubaa8\uc784 \ubc0f \uc790\uc6d0\ubd09\uc0ac\uc790", "url": "/about/staff/", "template_name": "", "sites": [1], "content": "<h1>\ud30c\uc774\ucf58 \ud55c\uad6d \ubaa8\uc784 \ubc0f \uc790\uc6d0\ubd09\uc0ac\uc790</h1>", "enable_comments": false}}, {"pk": 4, "model": "flatpages.flatpage", "fields": {"registration_required": false, "title": "\ubc1c\ud45c\uc790 \ubaa8\uc9d1", "url": "/programs/cfp/", "template_name": "", "sites": [1], "content": "<h1>\ubc1c\ud45c\uc790 \ubaa8\uc9d1</h1><div>\ud30c\uc774\ucf58 \ud55c\uad6d 2014\uc758 \ubc1c\ud45c\uc790 \ubaa8\uc9d1\uc740 \uc774\ubbf8 \uc885\ub8cc\ub418\uc5c8\uc2b5\ub2c8\ub2e4.</div>", "enable_comments": false}}, {"pk": 5, "model": "flatpages.flatpage", "fields": {"registration_required": false, "title": "BOF \uc548\ub0b4", "url": "/programs/bof/", "template_name": "", "sites": [1], "content": "<h1>BOF \uc548\ub0b4</h1><h3>BOF \ub780 \ubb34\uc5c7\uc778\uac00\uc694?</h3><div>BOF\ub294 <a href=\"http://en.wikipedia.org/wiki/Birds_of_a_feather_(computing)\" target=\"_blank\">Birds of a feather</a>\uc758 \uc57d\uc790\ub85c, \uc6b0\ub9ac\ub9d0\ub85c\ub294 \u2018\uac00\uc7ac\ub294 \uac8c \ud3b8\u2019 \ud55c\uc790\uc5b4\ub85c\ub294 \u2018\uc720\uc720\uc0c1\uc885\u2019\uc774\ub77c \ud569\ub2c8\ub2e4.</div><div>\uac1c\ubc1c\uc790 \ud589\uc0ac\uc5d0\uc11c\uc758 BOF\ub294 \uad00\uc2ec\uc0ac\uac00 \ube44\uc2b7\ud55c \uc0ac\ub78c\ub07c\ub9ac \ubaa8\uc5ec \uc8fc\uc81c\ub97c \uc815\ud574 \uc790\uc720\ub86d\uac8c \uc774\uc57c\uae30\ud558\uba70 \ud504\ub85c\uadf8\ub798\ubc0d\ud558\ub294 \ubaa8\uc784\uc744 \uc758\ubbf8\ud569\ub2c8\ub2e4.</div><div><br></div><h3>\uc5b4\ub514\uc11c, \uc5b8\uc81c \uadf8\ub9ac\uace0 \uc5b4\ub5bb\uac8c \uc9c4\ud589\ub418\ub098\uc694?</h3><div>\ub77c\uc774\ud2b8\ub2dd \ud1a0\ud06c\uae4c\uc9c0\uc758 \ubaa8\ub4e0 \ud504\ub85c\uadf8\ub7a8\uc774 \uc885\ub8cc\ub41c \ud6c4, \ud30c\uc774\ucf58 \ud589\uc0ac\uc7a5\uc758 \uacf3\uacf3\uc5d0\uc11c \ub2e4\uc591\ud55c \uc8fc\uc81c\ub85c BOF\uac00 \uc9c4\ud589\ub429\ub2c8\ub2e4. \ud589\uc0ac\uc7a5\uc758 \ud504\ub85c\uc81d\ud130\ub97c \ud1b5\ud574 \uc5b4\ub5a4 \uc8fc\uc81c\uac00 \uc5b4\ub514\uc11c \uc598\uae30\ub418\uace0 \uc788\ub294\uc9c0 \uc815\ubcf4\ub97c \ud655\uc778\ud560 \uc218 \uc788\ub3c4\ub85d \ud589\uc0ac \ub2f4\ub2f9\uc790\ub4e4\uc774 \ub3c4\uc6c0\uc744 \ub4dc\ub9b4 \uc608\uc815\uc785\ub2c8\ub2e4.</div>", "enable_comments": false}}, {"pk": 6, "model": "flatpages.flatpage", "fields": {"registration_required": false, "title": "\ub4f1\ub85d \ubc0f \uc785\uc7a5", "url": "/registration/", "template_name": "", "sites": [1], "content": "<h1>\ub4f1\ub85d \ubc0f \uc785\uc7a5</h1><h3>\ub4f1\ub85d \uc808\ucc28</h3><div><span style=\"line-height: 1.42857143;\">\ud30c\uc774\ucf58 \ud55c\uad6d 2014\ub294&nbsp;</span>\ucd1d 400\uba85\uc758 \ucc38\uac00\uc790\ub97c \ubaa8\uc9d1\ud558\uace0 \uc788\uc73c\uba70, \uc628\uc624\ud504\ubbf9\uc2a4\ub97c \ud1b5\ud574 \ucc38\uac00\uc790 \ub4f1\ub85d\uc744 \uc9c4\ud589\ud558\uace0 \uc788\uc2b5\ub2c8\ub2e4.</div><div><ul><li><a href=\"http://onoffmix.com/event/31610\" target=\"_blank\">http://onoffmix.com/event/31610</a><br></li></ul><div><br></div></div><h3>\uc785\uc7a5 \uc808\ucc28</h3><div>\ud589\uc0ac \ub2f9\uc77c\ub0a0 \uc624\uc804 9\uc2dc\ubd80\ud130 \ud589\uc0ac\uc7a5 \uc785\uc7a5\uc774 \uc2dc\uc791\ub429\ub2c8\ub2e4.</div>", "enable_comments": false}}, {"pk": 7, "model": "flatpages.flatpage", "fields": {"registration_required": false, "title": "\uc7a5\uc18c \uc548\ub0b4", "url": "/venue/", "template_name": "", "sites": [1], "content": "<h1>\ud589\uc0ac\uc7a5 \uc548\ub0b4</h1><div><br></div>", "enable_comments": false}}, {"pk": 8, "model": "flatpages.flatpage", "fields": {"registration_required": false, "title": "\uc5f0\ub77d\ucc98", "url": "/contact/", "template_name": "", "sites": [1], "content": "<h1>\uc5f0\ub77d\ucc98</h1><div><ul><li>\ud55c\uad6d \ud30c\uc774\ucf58 \uc900\ube44 \ubaa8\uc784 \ub2f4\ub2f9\uc790 \uc774\uba54\uc77c</li><ul><li>pycon@pycon.or.kr</li></ul><li>\ud30c\uc774\uc36c \ud55c\uad6d \uc0ac\uc6a9\uc790 \ubaa8\uc784 \ud398\uc774\uc2a4\ubd81&nbsp;\uadf8\ub8f9</li><ul><li><a href=\"https://www.facebook.com/groups/pythonkorea/\" target=\"_blank\">https://www.facebook.com/groups/pythonkorea/</a></li></ul></ul></div>", "enable_comments": false}}, {"pk": 9, "model": "flatpages.flatpage", "fields": {"registration_required": false, "title": "coc", "url": "/coc/", "template_name": "", "sites": [1], "content": "<h1>Code Of Conduct</h1><p>PyCon KR is a community conference intended for networking and collaboration in the developer community.</p><p>We value the participation of each member of the Python community and want all attendees to have an enjoyable and fulfilling experience. Accordingly, all attendees are expected to show respect and courtesy to other attendees throughout the conference and at all conference events, whether officially sponsored by PyCon or not.</p><p>To make clear what is expected, all delegates/attendees, speakers, exhibitors, organizers and volunteers at any PyCon event are required to conform to the following Code of Conduct. Organizers will enforce this code throughout the event.</p><p><br></p><h3>THE SHORT VERSION</h3><p>PyCon is dedicated to providing a harassment-free conference experience for everyone, regardless of gender, sexual orientation, disability, physical appearance, body size, race, or religion. We do not tolerate harassment of conference participants in any form.</p><p>All communication should be appropriate for a professional audience including people of many different backgrounds. Sexual language and imagery is not appropriate for any conference venue, including talks.</p><p><span style=\"line-height: 1.42857143;\">Be kind to others. Do not insult or put down other attendees. Behave professionally. Remember that harassment and sexist, racist, or exclusionary jokes are not appropriate for PyCon.</span></p><p>Attendees violating these rules may be asked to leave the conference without a refund at the sole discretion of the conference organizers.</p><p>Thank you for helping make this a welcoming, friendly event for all.</p><p><br></p><h3>THE LONGER VERSION</h3><p>Harassment includes offensive communication related to gender, sexual orientation, disability, physical appearance, body size, race, religion, sexual images in public spaces, deliberate intimidation, stalking, following, harassing photography or recording, sustained disruption of talks or other events, inappropriate physical contact, and unwelcome sexual attention.</p><p>Participants asked to stop any harassing behavior are expected to comply immediately.</p><p>Exhibitors in the expo hall, sponsor or vendor booths, or similar activities are also subject to the anti-harassment policy. In particular, exhibitors should not use sexualized images, activities, or other material. Booth staff (including volunteers) should not use sexualized clothing/uniforms/costumes, or otherwise create a sexualized environment.</p><p>Be careful in the words that you choose. Remember that sexist, racist, and other exclusionary jokes can be offensive to those around you. Excessive swearing and offensive jokes are not appropriate for PyCon.</p><p>If a participant engages in behavior that violates this code of conduct, the conference organizers may take any action they deem appropriate, including warning the offender or expulsion from the conference with no refund.</p><p><br></p><h3>CONTACT INFORMATION</h3><p>If you are being harassed, notice that someone else is being harassed, or have any other concerns, please contact a member of conference staff. Conference staff will be wearing \"PyCon Staff\" t-shirts. You may also contact hotel staff and ask to be put in touch with the conference chair \u2014 Bae KwonHan.</p><p>If the matter is especially urgent, please call/contact any of these individuals:</p><p><br></p><p>Bae KwonHan, Event Coordinator, Conference Chair<br><span style=\"line-height: 1.42857143;\">darjeeling@gmail.com<br></span><span style=\"line-height: 1.42857143;\">+82 (10) 2077-4788</span></p><p><br></p><p>Kim Younggun, Conference Co-Chair<br><span style=\"line-height: 1.42857143;\">scari.net@gmail.com<br></span><span style=\"line-height: 1.42857143;\">+82 (10) 3328-5411</span></p><p><br></p><p>Conference staff will be happy to help participants contact hotel/venue security or local law enforcement, provide escorts, or otherwise assist those experiencing harassment to feel safe for the duration of the conference. We value your attendance.</p><p><br></p><p>Based on Revision</p><p><br></p><h3>LICENSE</h3><p>This Code of Conduct was forked from the example policy from the Geek Feminism wiki, created by the Ada Initiative and other volunteers. which is under a Creative Commons Zero license.</p>", "enable_comments": false}}, {"pk": 1, "model": "south.migrationhistory", "fields": {"applied": "2014-08-09T00:53:16.187Z", "app_name": "pyconkr", "migration": "0001_initial"}}, {"pk": 2, "model": "south.migrationhistory", "fields": {"applied": "2014-08-09T00:55:14.338Z", "app_name": "pyconkr", "migration": "0002_auto__add_field_programtime_name"}}, {"pk": 3, "model": "south.migrationhistory", "fields": {"applied": "2014-08-09T00:55:14.362Z", "app_name": "pyconkr", "migration": "0003_auto__add_field_sponsor_level"}}, {"pk": 4, "model": "south.migrationhistory", "fields": {"applied": "2014-08-09T00:59:03.920Z", "app_name": "pyconkr", "migration": "0004_auto__chg_field_speaker_slug__chg_field_sponsor_slug"}}, {"pk": 5, "model": "south.migrationhistory", "fields": {"applied": "2014-08-09T01:07:45.607Z", "app_name": "pyconkr", "migration": "0005_auto__add_announcement"}}, {"pk": 6, "model": "south.migrationhistory", "fields": {"applied": "2014-08-09T07:29:16.002Z", "app_name": "pyconkr", "migration": "0006_auto__add_jobfair__add_programcategory__add_field_program_category"}}, {"pk": 7, "model": "south.migrationhistory", "fields": {"applied": "2014-08-09T07:33:17.594Z", "app_name": "pyconkr", "migration": "0007_auto__add_field_sponsorlevel_order"}}, {"pk": 8, "model": "south.migrationhistory", "fields": {"applied": "2014-08-09T09:04:03.454Z", "app_name": "pyconkr", "migration": "0008_auto__del_field_program_room"}}, {"pk": 1, "model": "pyconkr.room", "fields": {"desc": "249\uc11d 98\ud3c9 \uc55e\uc5d0 \ucc45\uc0c1\uc774 \uc5c6\uace0, \uc758\uc790 \uc190\uc7a1\uc774 \uc548\uc5d0 \ucc45\uc0c1\uc774 \ub4e4\uc5b4\uc788\uc74c.", "name": "\uc82c\ub9c8\ud640", "location": "B107"}}, {"pk": 2, "model": "pyconkr.room", "fields": {"desc": "146\uc11d 49\ud3c9 \uc55e\uc5d0 \ud070 \ucc45\uc0c1\uc774 \uc788\uace0 \uac19\uc740 \ucc45\uc0c1\uc744 \uc758\uc790 6\uac1c \ud639\uc740 7\uac1c\uac00 \uacf5\uc720\ud558\ub294 \ubaa8\uc591.", "name": "\uacc4\ub2e8\uac15\uc758\uc2e4", "location": "B121"}}, {"pk": 3, "model": "pyconkr.room", "fields": {"desc": "70\uc11d 22\ud3c9. \ub9c8\uc9c0\ub9c9\uc5d0 \ucd94\uac00\ub41c \uc7a5\uc18c.", "name": "\uc218\uc815\ub2f92", "location": "B115"}}, {"pk": 1, "model": "pyconkr.programdate", "fields": {"day": "2014-08-30"}}, {"pk": 1, "model": "pyconkr.programtime", "fields": {"begin": "09:00:00", "end": "10:00:00", "name": "\ub4f1\ub85d\uc2dc\uc791"}}, {"pk": 2, "model": "pyconkr.programtime", "fields": {"begin": "10:00:00", "end": "10:15:00", "name": "\uac1c\ud68c\uc0ac"}}, {"pk": 3, "model": "pyconkr.programtime", "fields": {"begin": "10:15:00", "end": "11:00:00", "name": "\uc138\uc158 1"}}, {"pk": 4, "model": "pyconkr.programtime", "fields": {"begin": "11:00:00", "end": "11:45:00", "name": "\uc138\uc158 2"}}, {"pk": 5, "model": "pyconkr.programtime", "fields": {"begin": "11:45:00", "end": "12:30:00", "name": "\uc138\uc158 3"}}, {"pk": 6, "model": "pyconkr.programtime", "fields": {"begin": "12:30:00", "end": "13:45:00", "name": "\uc810\uc2ec\uc2dd\uc0ac"}}, {"pk": 7, "model": "pyconkr.programtime", "fields": {"begin": "13:45:00", "end": "14:30:00", "name": "\uc138\uc158 4"}}, {"pk": 8, "model": "pyconkr.programtime", "fields": {"begin": "14:30:00", "end": "15:15:00", "name": "\uc138\uc158 5"}}, {"pk": 9, "model": "pyconkr.programtime", "fields": {"begin": "15:15:00", "end": "16:00:00", "name": "\uc138\uc158 6"}}, {"pk": 10, "model": "pyconkr.programtime", "fields": {"begin": "16:00:00", "end": "17:30:00", "name": "\ub77c\uc774\ud2b8\ub2dd \ud1a0\ud06c"}}, {"pk": 11, "model": "pyconkr.programtime", "fields": {"begin": "17:30:00", "end": "17:50:00", "name": "\ud3d0\ud68c\uc0ac"}}, {"pk": 12, "model": "pyconkr.programtime", "fields": {"begin": "17:50:00", "end": "19:00:00", "name": "BOF"}}, {"pk": 1, "model": "pyconkr.programcategory", "fields": {"name": "General"}}, {"pk": 2, "model": "pyconkr.programcategory", "fields": {"name": "Data / Bio"}}, {"pk": 3, "model": "pyconkr.programcategory", "fields": {"name": "Application"}}, {"pk": 4, "model": "pyconkr.programcategory", "fields": {"name": "Lightning talk"}}, {"pk": 1, "model": "pyconkr.sponsorlevel", "fields": {"order": 1, "name": "\ub2e4\uc774\uc544\ubaac\ub4dc", "desc": "<p><ul><li><span style=\"line-height: 1.42857143;\">\ud589\uc0ac\uc9c4\ud589\uc2dc\uc5d0 \ub124\uc784\ud0dc\uadf8\uc5d0 \ud68c\uc0ac\uba85\uce6d \ub2e8\ub3c5 \ud45c\uae30 ( sponsored by )</span><br></li><li><span style=\"line-height: 1.42857143;\">\ud6c4\uc6d0\uc0ac \uace0\uc720\ub85c\uace0\uac00 \uc788\ub294 \ub2e8\ub3c5 \uae30\ub150\ud488 \uc81c\uc791 ( \ucef5 )</span><br></li><li><span style=\"line-height: 1.42857143;\">\ud589\uc0ac\uc7a5 \uba54\uc778 \ucee8\ud37c\ub7f0\uc2a4 \ub178\ucd9c ( \ubc1c\ud45c \uc2ac\ub77c\uc774\ub4dc\uac00 \uc5c6\uc744\uc2dc\uc5d0 \ud6c4\uc6d0\uc0ac \ub85c\uace0 \ubc0f \uae30\ud0c0 \uad11\uace0 \ub178\ucd9c, \ud06c\uae30 \uc0c1\uc774 )</span><br></li><li><span style=\"line-height: 1.42857143;\">\ud589\uc0ac\uc7a5 \uba54\uc778 \ud604\uc218\ub9c9 \ub178\ucd9c ( \uc0ac\uc774\uc988 \uc0c1\uc774 )</span><br></li><li><span style=\"line-height: 1.42857143;\">\ud6c4\uc6d0\uc0ac \ub85c\uace0 \uac00\ubc29\uc5d0 \ubd80\ucc29</span><br></li><li><span style=\"line-height: 1.42857143;\">PyCon \ud504\ub85c\uadf8\ub7a8 \uac00\uc774\ub4dc\ubd81\uc5d0 \ud68c\uc0ac \uc124\uba85 \uad11\uace0 \ubd80\ucc29 ( \uc804\uba74 \ud55c\ub9e4, \uce7c\ub77c)</span><br></li><li><span style=\"line-height: 1.42857143;\">PyCon.KR \uc5d0 \ubc30\ub108 \ub4f1\ub85d</span><br></li><li><span style=\"line-height: 1.42857143;\">\uc785\uc7a5\uad8c 20\ub9e4</span><br></li><li><span style=\"line-height: 1.42857143;\">\ubd80\uc2a4 \uc81c\uacf5 ( \ucc45\uc0c1\ub9cc \uc81c\uacf5 )</span><br></li></ul></p>"}}, {"pk": 2, "model": "pyconkr.sponsorlevel", "fields": {"order": 2, "name": "\ud50c\ub798\ud2f0\ub118", "desc": "<p><ul><li><span style=\"line-height: 1.42857143;\">\ud589\uc0ac\uc7a5 \uba54\uc778 \ucee8\ud37c\ub7f0\uc2a4 \ub178\ucd9c ( \ubc1c\ud45c \uc2ac\ub77c\uc774\ub4dc\uac00 \uc5c6\uc744\uc2dc\uc5d0 \ud6c4\uc6d0\uc0ac \ub85c\uace0 \ubc0f \uae30\ud0c0 \uad11\uace0 \ub178\ucd9c, \ud06c\uae30 \uc0c1\uc774 )</span><br></li><li><span style=\"line-height: 1.42857143;\">\ud589\uc0ac\uc7a5 \uba54\uc778 \ud604\uc218\ub9c9 \ub178\ucd9c ( \uc0ac\uc774\uc988 \uc0c1\uc774 )</span><br></li><li><span style=\"line-height: 1.42857143;\">\ud6c4\uc6d0\uc0ac \ub85c\uace0 \uac00\ubc29\uc5d0 \ubd80\ucc29</span><br></li><li><span style=\"line-height: 1.42857143;\">PyCon \ud504\ub85c\uadf8\ub7a8 \uac00\uc774\ub4dc\ubd81\uc5d0 \ud68c\uc0ac \uc124\uba85 \uad11\uace0 \ubd80\ucc29 ( \ubc18\ucabd )</span><br></li><li><span style=\"line-height: 1.42857143;\">PyCon.KR \uc5d0 \ubc30\ub108 \ub4f1\ub85d</span><br></li><li><span style=\"line-height: 1.42857143;\">\uc785\uc7a5\uad8c 10\ub9e4</span><br></li><li><span style=\"line-height: 1.42857143;\">\ubd80\uc2a4 \uc81c\uacf5 ( \ucc45\uc0c1\ub9cc \uc81c\uacf5 )</span><br></li></ul></p>"}}, {"pk": 3, "model": "pyconkr.sponsorlevel", "fields": {"order": 3, "name": "\uace8\ub4dc", "desc": "<p><ul><li><span style=\"line-height: 1.42857143;\">\ud589\uc0ac\uc7a5 \uba54\uc778 \ud604\uc218\ub9c9 \ub178\ucd9c ( \uc0ac\uc774\uc988 \uc0c1\uc774 )</span><br></li><li><span style=\"line-height: 1.42857143;\">\ud6c4\uc6d0\uc0ac \ub85c\uace0 \uac00\ubc29\uc5d0 \ubd80\ucc29</span><br></li><li><span style=\"line-height: 1.42857143;\">PyCon \ud504\ub85c\uadf8\ub7a8 \uac00\uc774\ub4dc\ubd81\uc5d0 \ud68c\uc0ac \uc124\uba85 \uad11\uace0 \ubd80\ucc29 ( 1/4 )</span><br></li><li><span style=\"line-height: 1.42857143;\">PyCon.KR \uc5d0 \ubc30\ub108 \ub4f1\ub85d</span><br></li><li><span style=\"line-height: 1.42857143;\">\uc785\uc7a5\uad8c 5\ub9e4</span><br></li><li><span style=\"line-height: 1.42857143;\">JobFair \ubd80\uc2a4 \uc81c\uacf5 ( \ucc45\uc0c1\ub9cc \uc81c\uacf5, \uc778\ub825\uc9c0\uc6d0 \uc5c6\uc74c )</span><br></li></ul></p>"}}, {"pk": 4, "model": "pyconkr.sponsorlevel", "fields": {"order": 4, "name": "\uc2e4\ubc84", "desc": "<p><ul><li><span style=\"line-height: 1.42857143;\">\ud589\uc0ac\uc7a5 \uba54\uc778 \ud604\uc218\ub9c9 \ub178\ucd9c ( \uc0ac\uc774\uc988 \uc0c1\uc774 )</span><br></li><li><span style=\"line-height: 1.42857143;\">PyCon \ud504\ub85c\uadf8\ub7a8 \uac00\uc774\ub4dc\ubd81\uc5d0 \ud68c\uc0ac \uc124\uba85 \uad11\uace0 \ubd80\ucc29 ( 1/8 )</span><br></li><li><span style=\"line-height: 1.42857143;\">PyCon.KR \uc5d0 \uc6b0\uce21 \ubc30\ub108 \ub4f1\ub85d ( \uc0ac\uc774\uc988 \uc0c1\uc774 )</span><br></li><li><span style=\"line-height: 1.42857143;\">\uc785\uc7a5\uad8c 3\ub9e4</span><br></li></ul></p>"}}, {"pk": 5, "model": "pyconkr.sponsorlevel", "fields": {"order": 5, "name": "\uac1c\uc778 \ubc0f \uc2a4\ud0c0\ud2b8\uc5c5 \ud6c4\uc6d0", "desc": "<p><ul><li><span style=\"line-height: 1.42857143;\">PyCon \ud504\ub85c\uadf8\ub7a8 \uac00\uc774\ub4dc\ubd81\uc5d0 \ub4f1\uc7ac ( \uc774\ub984, \ub9c1\ud06c \ub4f1 )</span><br></li><li><span style=\"line-height: 1.42857143;\">PyCon.KR \uc758 \uc804\uc6a9 \ud398\uc774\uc9c0\uc5d0 \ud14d\uc2a4\ud2b8 \ub4f1\ub85d</span><br></li><li><span style=\"line-height: 1.42857143;\">\uc785\uc7a5\uad8c 2\ub9e4</span><br></li></ul></p>"}}, {"pk": 1, "model": "pyconkr.sponsor", "fields": {"name": "\uad6c\uae00", "level": 3, "url": "http://google.com", "image": "sponsor/sponsor-google.png", "slug": "google", "desc": "<p>\uad6c\uae00</p>"}}, {"pk": 2, "model": "pyconkr.sponsor", "fields": {"name": "\uc2a4\ub9c8\ud2b8\uc2a4\ud130\ub514", "level": 4, "url": "http://smartstudy.co.kr", "image": "", "slug": "smartstudy", "desc": "<p>\uc2a4\ub9c8\ud2b8\uc2a4\ud130\ub514\ub294 \ube14\ub77c\ube14\ub77c</p>"}}, {"pk": 3, "model": "pyconkr.sponsor", "fields": {"name": "\uc694\uae30\uc694", "level": 4, "url": "http://yogiyo.com", "image": "", "slug": "yogiyo", "desc": "\uc694\uae30\uc694\uae30\uc694\uae30\uc694"}}, {"pk": 4, "model": "pyconkr.sponsor", "fields": {"name": "NAVER D2", "level": 2, "url": "http://d2.naver.com", "image": "", "slug": "naverd2", "desc": "<p>\ub124\uc774\ubc84 \uc694\uae30\uc694\uae30\uc694\uae30 D2</p>"}}, {"pk": 1, "model": "pyconkr.speaker", "fields": {"info": {}, "image": "", "desc": "- Cloud Architecture at Thing Daemon (fancy.com) \r\n- Integrator, Infrastructure Services at iPlant Collaborative, BIO 5\r\n- Senior Application Analyst at Arizona Research Laboratories\r\n\r\nlinkedin.com/in/seungjin\r\nwww.twitter.com/seungjin\r\nwww.fancy.com/seungjinkim", "slug": "seungjin", "name": "\uae40\uc2b9\uc9c4"}}, {"pk": 2, "model": "pyconkr.speaker", "fields": {"info": {}, "image": "", "desc": "\ud30c\uc774\uc36c\uc744 \ubcf8\uaca9\uc801\uc73c\ub85c \uc0ac\uc6a9\ud55c \uc9c0\ub294 6\ub144 \uc815\ub3c4 \ub418\uc5c8\uc2b5\ub2c8\ub2e4. \ubbf8\uad6d \ud2b8\ub808\uc774\ub529 \ud68c\uc0ac\uc5d0\uc11c \ud000\ud2b8 \uac1c\ubc1c\uc790\ub85c \uc77c\ud588\uace0 \uc77c\ud560 \uc608\uc815\uc785\ub2c8\ub2e4. http://algospot.com/\uc744 \uc6b4\uc601\ud558\uace0 \uc788\uc73c\uba70, http://book.algospot.com/\uc744 \uc37c\uc2b5\ub2c8\ub2e4.\r\n\r\n* github: http://github.com/jongman\r\n* linkedin: http://linkedin.com/in/jongman", "slug": "jongman", "name": "\uad6c\uc885\ub9cc"}}, {"pk": 3, "model": "pyconkr.speaker", "fields": {"info": {}, "image": "", "desc": "\uae40\ucc3d\ubbfc (Charles Kim)\r\n\uc544\ub9ac\uc2a4\ud0c0\ub124\ud2b8\uc6cd\uc2a4\uc758 \uc5d4\uc9c0\ub2c8\uc5b4\ub85c, \uc774\ubbf8 \ud30c\uc774\uc36c \ucee4\ubba4\ub2c8\ud2f0\uc758 \ud68c\uc6d0\uc73c\ub85c \ud65c\ub3d9\ud558\uace0 \uc788\uace0, SDN\ubd80\ubd84\uc5d0\uc11c \uad6d\ub0b4\uc5d0\uc11c \uc190\uaf3d\ud788\uace0 \uc788\ub294 \uc5d4\uc9c0\ub2c8\uc5b4 \uc785\ub2c8\ub2e4. \uad6d\ub0b4 CCIE \uc790\uaca9\uc99d \ucd5c\ub2e4 \ubcf4\uc720\uc790\uc774\uae30\ub3c4 \ud569\ub2c8\ub2e4. \r\nhttps://www.facebook.com/charleskim75\r\nhttps://www.linkedin.com/profile/view?id=104717657&authType=OUT_OF_NETWORK&authToken=PIFD&locale=en_US&trk=tyah2&trkInfo=tarId%3A1403835818797%2Ctas%3Acharles%2Cidx%3A1-1-1", "slug": "charleskim", "name": "\uae40\ucc3d\ubbfc"}}, {"pk": 4, "model": "pyconkr.speaker", "fields": {"info": {}, "image": "", "desc": "\ubd80\uc0b0\uc5d0\uc11c Nixgon\uc774\ub77c\ub294 \uc791\uc740 \uc2a4\ud0c0\ud2b8\uc5c5\uc5d0\uc11c \uac1c\ubc1c\uc790\ub85c \uc77c\ud558\uace0 \uc788\uc2b5\ub2c8\ub2e4. \uad6c\uae00\uc5d0\uc11c \uc9c0\uc6d0\ud558\ub294 \uad6c\uae00 \ub514\ubca8\ub85c\ud37c \uadf8\ub8f9(GDG) \ubd80\uc0b0(Busan)\uc758 \uc2a4\ud0c0\ud2b8 \uba64\ubc84\ub85c \ucee4\ubba4\ub2c8\ud2f0 \ud65c\ub3d9\ud558\uace0 \uc788\uc73c\uba70, \uc6b0\ubd84\ud22c \ucf54\ub9ac\uc544 \ube44\uc815\uae30 \ub9e4\uac70\uc9c4 '\uace0\uad70\ubd84\ud22c' \ub9e4\uac70\uc9c4\uc758 \ud3b8\uc9d1\uc7a5\uc744 \uc5ed\uc784\ud558\uace0 \uc788\ub294 \uc18c\uc18c\ud55c \uac1c\ubc1c\uc790 \uc785\ub2c8\ub2e4.\r\n\r\n\uc81c \ube14\ub85c\uadf8\ub294 : http://www.sangkon.com, http://hansangkon.tistory.com\uc785\ub2c8\ub2e4.\r\n", "slug": "sigmadream", "name": "\ud55c\uc0c1\uace4"}}, {"pk": 5, "model": "pyconkr.speaker", "fields": {"info": {}, "image": "", "desc": "\ud604\uc7ac `the beatpacking comapny` \uc5d0\uc11c s/w \uac1c\ubc1c\uc790\ub85c \uc77c\ud558\uba70, `BEAT` \ub97c \ub9cc\ub4e4\uace0 \uc788\uc2b5\ub2c8\ub2e4.\r\n\r\nhttps://github.com/kkung\r\nhttps://www.linkedin.com/profile/view?id=81560839", "slug": "kkung", "name": "\uc815\ubbfc\uc601"}}, {"pk": 6, "model": "pyconkr.speaker", "fields": {"info": {}, "image": "", "desc": "http://devunt.kr/about\r\nhttp://github.com/devunt\r\nirc://irc.ozinger.org/#", "slug": "devunt", "name": "\ubc30\uc900\ud604"}}, {"pk": 7, "model": "pyconkr.speaker", "fields": {"info": {}, "image": "", "desc": "2009. 02 ~ \ud604\uc7ac : KAIST \uc804\uc0b0\ud559\uacfc \ud734\ud559 \uc911\r\n2013. 07 ~ 2013. 08 : NAVER Business Platform Intern\r\n2013. 09 ~ \ud604\uc7ac : Devsisters Corp. Server Team Software Engineer", "slug": "sgonv", "name": "\uc774\uc0c1\uace4"}}, {"pk": 8, "model": "pyconkr.speaker", "fields": {"info": {}, "image": "", "desc": "Ryusuke Kajiyama is Open Source Specialist with 10+ years of experience of systems design using MySQL and open source solutions. He originally joined MySQL AB, and is currently managing MySQL Sales Consultant team of Asia Pacific region at Oracle. Prior to join MySQL, he was Consultant at Nomura Research Institute, working on enterprise systems design with Oracle Database, WebLogic, Solaris, and various Open Source software including MySQL, JBoss and Linux. He is a Co-Founder of Japan JBoss Users Group", "slug": "ryusuke_kajiyama", "name": "Kajiyama Ryusuke"}}, {"pk": 9, "model": "pyconkr.speaker", "fields": {"info": {}, "image": "", "desc": "\uc8fc\uc2dd\ud68c\uc0ac \uc2a4\ud3ec\uce74\uc5d0\uc11c \ud3ec\uc778\ud2b8 \uc801\ub9bd \uc11c\ube44\uc2a4\uc778 \ub3c4\ub3c4\ub97c \uac1c\ubc1c\ud558\uace0 \uc788\uc2b5\ub2c8\ub2e4. \ud30c\uc774\uc36c\uc744 \uc4f4\uc9c0\ub294 \ub9cc 9\ub144 \ub418\uc5c8\uc2b5\ub2c8\ub2e4. \uc8fc\ub85c \ud30c\uc774\uc36c\uc73c\ub85c\ub294 \uc6f9 \uac1c\ubc1c, \uc11c\ubc84 \uac1c\ubc1c \ub4f1\uc744 \ud569\ub2c8\ub2e4. \uc624\ud508 \uc18c\uc2a4 \ud30c\uc774\uc36c \ud504\ub85c\uc81d\ud2b8\ub85c Wand, Earth Reader, Geofront, libsass-python \ub4f1\uc744 \ub9cc\ub4e4\uc5c8\uc2b5\ub2c8\ub2e4.\r\n\r\nhttp://hongminhee.org/\r\nhttp://blog.dahlia.kr/\r\nhttps://github.com/dahlia\r\nhttps://bitbucket.org/dahlia", "slug": "hongminhee", "name": "\ud64d\ubbfc\ud76c"}}, {"pk": 10, "model": "pyconkr.speaker", "fields": {"info": {}, "image": "", "desc": "\uc800\ub294 \ud604\uc7ac \uc2a4\ud0e0\ud3ec\ub4dc \ub300\ud559\uc5d0 \ubc15\uc0ac\uacfc\uc815 \ud559\uc0dd\uc73c\ub85c \uc788\uc2b5\ub2c8\ub2e4. \ud30c\uc774\uc36c \uad00\ub828\ud55c contribution\uc73c\ub85c\ub294 Generator Expressions (PEP 289) \uc640 Keyword-Only Arguments (PEP 3102) \ub97c \uad6c\ud604\ud558\uc600\uc2b5\ub2c8\ub2e4. \ub610\ud55c 2011 APAC PyCon \uc5d0\uc11c reviewer \ub85c \ud65c\ub3d9\ud588\uace0, 2014 APAC PyCon \uc5d0\uc11c Poster Session Chair\ub85c PyCon\uc6b4\uc601\uc744 \ub3c4\uc654\uc2b5\ub2c8\ub2e4.\r\nKorea PyCon\uc5d0\uc11c \ubc1c\ud45c\ud560 \ub0b4\uc6a9\uc778 SociaLite\uc740 2014 PyCon \ubc0f APAC PyCon\uc5d0\uc11c \ubc1c\ud45c\ud558\uc600\uace0,  2014 Hadoop Summit\uc5d0\uc11c\ub3c4 \ub3d9\uc77c\ud55c \ub0b4\uc6a9\uc744 \ubc1c\ud45c\ud558\uc600\uc2b5\ub2c8\ub2e4.\r\nSociaLite\uc5d0 \uad00\ud55c \ub0b4\uc6a9\uc740 \ub2e4\uc74c \ud648\ud398\uc774\uc9c0\uc5d0\uc11c \ucc3e\uc544\ubcfc \uc218 \uc788\uc2b5\ub2c8\ub2e4: http://socialite.stanford.edu  \r\nGitHub repository\ub294 https://github.com/socialite-lang/socialite \uc5ec\uae30\uc5d0\uc11c \ubcf4\uc2e4 \uc218 \uc788\uc2b5\ub2c8\ub2e4. ", "slug": "seojiwon", "name": "\uc11c\uc9c0\uc6d0"}}, {"pk": 11, "model": "pyconkr.speaker", "fields": {"info": {}, "image": "", "desc": "blog: http://blog.naver.com/haje01\r\ngithub: https://github.com/haje01\r\ntwitter: @haje01\r\nlinkedin: haje01@naver.com", "slug": "haje01", "name": "\uae40\uc815\uc8fc"}}, {"pk": 12, "model": "pyconkr.speaker", "fields": {"info": {}, "image": "", "desc": "UNIST(\uc6b8\uc0b0\uacfc\ud559\uae30\uc220\ub300\ud559\uad50) \uc790\uc5f0\uacfc\ud559\ubd80 \uc218\ub9ac\uacfc\ud559\uacfc\uc5d0\uc11c \uc751\uc6a9\uc218\ud559\uc744 \uc804\uacf5\ud558\uace0 \uc788\uc73c\uba70, \uc11d\ubc15\ud1b5\ud569\uc73c\ub85c \uc774\uc81c 4\ub144\ucc28\uc785\ub2c8\ub2e4. \ub098\uc774\ub294 29\uc0b4\uc774\uba70, \ud574\ucee4\ud1a4\uc740 2\ud68c \ucd9c\uc804(\uad6c\uae00 1\ud68c \ud574\ucee4\ud1a4, 2014 \ube45\ub370\uc774\ud1a4), Mathematica, Matlab, Fortran \uadf8\ub9ac\uace0 \uc6f9\ud504\ub85c\uadf8\ub798\ubc0d\uc740 PHP\ub97c \uc8fc\ub85c \uc0ac\uc6a9\ud558\ub2e4\uac00 2\ub144 \uc804\ubd80\ud130 Python\uc758 \ud070 \ub9e4\ub825\uc5d0 \ube60\uc838 \ub9ce\uc740 \ubd80\ubd84\uc744 Python\uc73c\ub85c \ubc14\uafb8\ub824\uace0 \ub178\ub825\ud558\uace0 \uc788\uc2b5\ub2c8\ub2e4.\r\n\r\nhttp://amath.unist.ac.kr/ \uccab \ud654\uba74\uc758 \uc81c\uc77c \uc67c\ucabd\uc774 \uc800\uc785\ub2c8\ub2e4. ^^;\r\n\r\n\uc544\ub798\ub294 \uc774\ubc88 1\ud559\uae30 \uacfc\ud559\uace0\ub4f1\ud559\uad50 \ud559\uc0dd\ub4e4\uacfc NetworkX\ub85c \uc5f0\uad6c\ud558\uae30 \uc704\ud574 \uc900\ube44\ud55c \ud504\ub9ac\uc820\ud14c\uc774\uc158\ub4e4\uc785\ub2c8\ub2e4. \ub137\ub9c8\uc774\ub108 \ub4f1\uc758 \ub9e4\uc6b0 \ube44\uc2fc(800\ub9cc\uc6d0 \uc774\uc0c1..)\uc744 \uad6c\uc785\ud574\uc11c \uc0ac\uc6a9\ud574 \ubcf8 \uacb0\uacfc, NetworkX\ub85c \ub9ce\uc740 \ubd80\ubd84 \ub300\uccb4\uac00 \uac00\ub2a5\ud558\uba70, \ub354 \uc790\uc720\ub85c\uc6b4 \uc5f0\uad6c\uac00 \uac00\ub2a5\ud558\ub2e4\uace0 \uc0dd\uac01\ub429\ub2c8\ub2e4. \uc694\uc998\uc774\ub77c\uae30 \ubcf4\ub2e8 \uba87 \ub144 \uc804\ubd80\ud130 \uc18c\uc15c \ub124\ud2b8\uc6cc\ud06c \uc5f0\uad6c(SNA)\uac00 \uc5ec\ub7ec \uad70\ub370\uc5d0\uc11c \ud589\ud574\uc9c0\uace0 \uc788\ub294\ub370, \ubcf8 \uc18c\uac1c\ub97c \ud1b5\ud574 \uc5b4\ub5a4(?!) \ubd84\ub4e4\uaed8 \uc791\uc740 \uacc4\uae30\ub97c \uc81c\uacf5\ud560 \uc218 \uc788\ub294 \uae30\ud68c\uac00 \ub418\uc5c8\uc73c\uba74 \uc88b\uaca0\uc2b5\ub2c8\ub2e4.\r\nhttp://www.slideshare.net/koorukuroo/network-analysis-with-networkx-fundamentals-of-network-theory1\r\nhttp://www.slideshare.net/koorukuroo/network2-35160056\r\nhttp://www.slideshare.net/koorukuroo/network3-36009536", "slug": "kyunghoon", "name": "\uae40\uacbd\ud6c8"}}, {"pk": 13, "model": "pyconkr.speaker", "fields": {"info": {}, "image": "", "desc": "\ud604, KB\ud22c\uc790\uc99d\uad8c IT\uc13c\ud130\uc5d0 \uadfc\ubb34\ud558\uace0 \uc788\uc2b5\ub2c8\ub2e4. \ud30c\uc774\uc36c\uc744 \uc774\uc6a9\ud55c \uae08\uc735 \ub370\uc774\ud130 \ubd84\uc11d\uacfc \uc790\ub3d9\ud654\uc5d0 \uad00\uc2ec\uc744 \uac00\uc9c0\uace0 \uc788\uc2b5\ub2c8\ub2e4.\r\n\r\nhttps://linkedin.com/in/plusjune", "slug": "plusjune", "name": "\uc774\uc2b9\uc900"}}, {"pk": 14, "model": "pyconkr.speaker", "fields": {"info": {}, "image": "", "desc": "(\uc8fc)\uc778\uc2e4\ub9ac\ucf54\uc820\uc5d0\uc11c \uc0dd\ubb3c\uc815\ubcf4\ubd84\uc11d \ubc0f \uac1c\ubc1c\uc5c5\ubb34\ub97c \ud558\uace0 \uc788\uc2b5\ub2c8\ub2e4. \r\n 1. Twitter: @yong27\r\n 2. Wiki & Blog: http://e.biohackers.net\r\n 3. LinkedIn: https://www.linkedin.com/in/yong27", "slug": "yong27", "name": "\uae40\ud615\uc6a9"}}, {"pk": 15, "model": "pyconkr.speaker", "fields": {"info": {}, "image": "", "desc": "\uac15\ucca0\uc740 \uae30\uc220\uc774 \uc0ac\ud68c\uc5d0 \uae30\uc5ec\ud560 \uc218 \uc788\ub2e4\uace0 \ubbff\ub294 \uc18c\ud504\ud2b8\uc6e8\uc5b4 \uc5d4\uc9c0\ub2c8\uc5b4\uc785\ub2c8\ub2e4.\r\n\r\n\r\n\r\nKAIST \uc804\uc0b0\ud559\uacfc\uc5d0\uc11c \uacf5\ubd80\ud588\uc73c\uba70 \ud300\ud3ec\ud401\uc5d0\uc11c \ub300\ud55c\ubbfc\uad6d \uc5ed\ub300 \ubaa8\ub4e0 \uad6d\ud68c\uc758\uc6d0 \ubc0f \uc758\uc548 \uc815\ubcf4\ub97c \uc81c\uacf5\ud558\ub294 \"\ub300\ud55c\ubbfc\uad6d \uc815\uce58\uc758 \ubaa8\ub4e0 \uac83\"\uc744 \ub9cc\ub4e4\uace0 \uc788\uc2b5\ub2c8\ub2e4.\r\n\r\n'\ub0b4\uac00 \uac00\uc7a5 \uc798\ud560 \uc218 \uc788\ub294 \ubc29\ubc95\uc73c\ub85c \uc0ac\ud68c\uc5d0 \uae30\uc5ec\ud558\uace0 \uc2f6\ub2e4'\ub294 \uc0dd\uac01\uc73c\ub85c 2010\ub144\uc5d0 \ud300\ud3ec\ud401\uc744 \uc2dc\uc791\ud574 \ucd5c\uace0\uc758 \uba64\ubc84\ub4e4\uacfc \ud568\uaed8 \uc0ac\ud68c\uc801 \uac00\uce58\ub97c \ub9cc\ub4e4\uc5b4\ub098\uac00\uace0 \uc788\uc2b5\ub2c8\ub2e4.\r\n\r\n\ub125\uc2a4\uc54c, \uad6c\uae00, \uc0ac\uc774\ub78c \ub4f1\uc5d0\uc11c \uc778\ud134 \ub610\ub294 \uc5d4\uc9c0\ub2c8\uc5b4\ub85c \uc77c\ud588\uc73c\uba70, \ub300\uc804\uc2dc \uad50\uc721\uc815\ubcf4\uc6d0, KAIST \uc601\uc7ac\uad50\uc721\uc6d0, \ud55c\uad6d\uac8c\uc784\uacfc\ud559\uace0\uc5d0\uc11c \ud559\uc0dd\ub4e4\uc744 \uac00\ub974\uce5c \ubc14 \uc788\uace0, \ud55c\uad6d\uc815\ubcf4\uc62c\ub9bc\ud53c\uc544\ub4dc(KOI) \uae08\uc0c1\uc744 \uc218\uc0c1\ud55c \uacbd\ub825\uc774 \uc788\uc2b5\ub2c8\ub2e4.\r\n\r\nhttp://cheol.net/", "slug": "kang", "name": "\uac15\ucca0"}}, {"pk": 16, "model": "pyconkr.speaker", "fields": {"info": {}, "image": "", "desc": "\ubc15\uc740\uc815\uc740 \uc11c\uc6b8\ub300\ud559\uad50\uc5d0\uc11c \ub370\uc774\ud130\ub9c8\uc774\ub2dd\uc744 \uc804\uacf5\ud558\uace0 \uc788\uc73c\uba70, \ub9c8\ucf00\ud305, \ubc18\ub3c4\uccb4, \uc601\ud654 \ub4f1\uc758 \uc601\uc5ed\uc5d0\uc11c \ub370\uc774\ud130 \ubd84\uc11d \ud504\ub85c\uc81d\ud2b8\ub97c \uc9c4\ud589\ud588\ub2e4. \uae30\uc220\uc744 \uc774\uc6a9\ud574 \uc9c0\uc2dd\uc758 \uc7a5\ubcbd\uc744 \ub0ae\ucd94\ub294 \uac83\uc5d0 \uad00\uc2ec\uc774 \uc788\uc5b4, \uc5ec\uac00 \uc2dc\uac04\uc5d0\ub294 \ud300\ud3ec\ud401\uc5d0\uc11c \"\ub300\ud55c\ubbfc\uad6d \uc815\uce58\uc758 \ubaa8\ub4e0 \uac83(http://pokr.kr)\"\uc744 \ub9cc\ub4e4\uba70 \uc785\ubc95 \uc815\ubcf4\uc758 \ud655\uc0b0\uc5d0 \ub178\ub825\uc744 \uae30\uc6b8\uc774\uace0 \uc788\ub2e4.\r\n\r\nhttp://lucypark.kr", "slug": "lucypark", "name": "\ubc15\uc740\uc815"}}, {"pk": 17, "model": "pyconkr.speaker", "fields": {"info": {}, "image": "", "desc": "\uae40\ud0dc\uc6c5(aka kdog) 33\uc138\r\n- \ud30c\uc774\uc36c\uc744 2003\ub144\uacbd \ubd80\ud130 \uc2e4\ubb34\uc5d0 \uc4f0\uae30 \uc2dc\uc791\ud588\uace0, \uc544\uc9c1 \uc5f4\uc2ec\ud788 \uacf5\ubd80\uc911\uc778 \uac1c\ubc1c\uc790\r\n- KT/SK Broadband/Tbroad \ub4f1 ISP \ucabd \ucee8\uc124\ud305/\uac1c\ubc1c\uc744 \uc218\ud589\r\n- \ubcf8\uc9c4 \ud30c\uc774\ucf58(pycon 2009 chicago) \ucc38\uc5ec\r\n- GDG google I/O extended \uc5d0\uc11c go \uc5b8\uc5b4 \uad00\ub828 \uc138\uc158 \ubc1c\ud45c\r\n- macbook, python, golang \uac15\uc81c \uc5d0\ubc18\uc824\ub9ac\uc2a4\ud2b8\r\n", "slug": "oraora82", "name": "\uae40\ud0dc\uc6c5"}}, {"pk": 18, "model": "pyconkr.speaker", "fields": {"info": {}, "image": "", "desc": "\uacfc\ud559\uae30\uc220\uc5f0\ud569\ub300\ud559\uc6d0\ub300\ud559\uad50(UST)\uc5d0 \uc11d\uc0ac\uacfc\uc815\uc73c\ub85c \uc7ac\ud559\uc911\uc785\ub2c8\ub2e4.\r\npython\uc744 \uc774\uc6a9\ud574 \uc5f0\uad6c\ud558\uace0 \uc788\uc2b5\ub2c8\ub2e4.\r\n\uc774\ubc88 2014\ube45\ub370\uc774\ud1a4 \ub300\ud68c\uc5d0\uc11c python\uc5b8\uc5b4\ub97c \uc774\uc6a9\ud574 \uac1c\ubc1c\uc5d0 \ucc38\uac00\ud558\uc600\uc73c\uba70 \ucd5c\uc6b0\uc218\uc0c1\uc744 \ubc1b\uc558\uc2b5\ub2c8\ub2e4.", "slug": "usingideal", "name": "\ubc15\uc900\ubc94"}}, {"pk": 19, "model": "pyconkr.speaker", "fields": {"info": {}, "image": "", "desc": "\uc131\uade0\uad00\ub300\ud559\uad50 \uc0bc\uc131\uc735\ud569\uc758\uacfc\ud559\uc6d0 \ud3ec\uc2a4\ud2b8\ub2e5\uc73c\ub85c \uc788\uc2b5\ub2c8\ub2e4.\r\n\ube14\ub85c\uadf8 \ud648\ud398\uc774\uc9c0\ub294 blog.naver.com/irobii \uc785\ub2c8\ub2e4.", "slug": "kakung_kim", "name": "\uae40\uac00\uacbd"}}, {"pk": 20, "model": "pyconkr.speaker", "fields": {"info": {}, "image": "", "desc": "8\ub144\ub3d9\uc548 \ub300\uae30\uc5c5\uc5d0 \uc788\ub2e4\uac00 \uc774\uc81c\uc57c \uc9c4\uc9dc \uc77c\uc744 \ud558\uace0 \uc788\uc2b5\ub2c8\ub2e4. \r\n\r\nhttp://kr.linkedin.com/in/daesungkang", "slug": "daesung_kang", "name": "\uac15\ub300\uc131"}}, {"pk": 21, "model": "pyconkr.speaker", "fields": {"info": {}, "image": "", "desc": "<p>\ubc30\uad8c\ud55c<br></p>", "slug": "darjeeling", "name": "\ubc30\uad8c\ud55c"}}, {"pk": 1, "model": "pyconkr.program", "fields": {"category": 1, "speakers": [1], "name": "Scalable Infrastructure Build on Cloud with Python", "slide_url": "", "times": [4], "rooms": [1], "date": 1, "desc": "Python for cloud build / management and DevOps\r\nI have developed cloud infrastructure and services for last 5 years from profile/nonprofit(research centric) organiations.  \r\nWith those 5 years, Python always have been the best tool for managing large cloud system. \r\nI have used Python for very rapidly growing services and very highend DevOps group. \r\nI will gladly discuss what my group could do for scalable infrastructure with Cloud + Python combination as essential tool for devops!\r\n\r\nContents:\r\n  - Cloud and Python\r\n  - Scalable infrastructure\r\n  - Cloud and Python\r\n  - DevOps (Fabric, Salt, Ansible)"}}, {"pk": 2, "model": "pyconkr.program", "fields": {"category": 1, "speakers": [2], "name": "\uc704\ub300\ud55c dict \uc774\ud574\ud558\uace0 \uc0ac\uc6a9\ud558\uae30", "slide_url": "", "times": [3], "rooms": [1], "date": 1, "desc": "\uc0ac\uc804(dict) \ud074\ub798\uc2a4\ub294 \ud30c\uc774\uc36c\uc758 \uac00\uc7a5 \ud575\uc2ec\uc801\uc778 \uc790\ub8cc \uad6c\uc870\ub85c, \uc88b\uc740 \ud30c\uc774\uc36c \ucf54\ub4dc\ub97c \uc791\uc131\ud558\uae30 \uc704\ud574\uc11c\ub294 dict\uc5d0 \ub300\ud574 \uc798 \uc774\ud574\ud558\ub294 \uac83\uc774 \ud544\uc218\uc801\uc785\ub2c8\ub2e4. \uc774 \ubc1c\ud45c\uc5d0\uc11c\ub294 dict\uac00 \uc0ac\uc6a9\ub418\ub294 \uacf3, \ub3d9\uc791 \uc6d0\ub9ac, \uc0ac\uc6a9\uc2dc\uc758 \uc8fc\uc758 \uc0ac\ud56d \ub4f1\uc5d0 \ub300\ud574 \uc598\uae30\ud558\uace0 defaultdict\ub098 OrderedDict, Counter\uc640 \uac19\uc740 \ubcc0\uc885 \ud074\ub798\uc2a4\ub97c \uc18c\uac1c\ud558\uace0\uc790 \ud569\ub2c8\ub2e4."}}, {"pk": 3, "model": "pyconkr.program", "fields": {"category": 1, "speakers": [5], "name": "Dancing with Gevent", "slide_url": "", "times": [7], "rooms": [1], "date": 1, "desc": "Python\uc758 \ube44\ub3d9\uae30 \ucc98\ub9ac Framework\uc778 gevent\ub97c \uc18c\uac1c\ud558\uace0, \uc2e4\uc81c \uc5c5\ubb34\uc5d0\uc11c \ubc1c\uc0dd\ud558\ub294 \ub2e4\uc591\ud55c case\uc5d0 \ub300\ud574\uc11c gevent\ub97c \uc801\uc6a9\ud558\uc5ec python\uc744 \ud1b5\ud574\uc11c \ud6cc\ub96d\ud55c throughput\uc744 \uc774\ub04c\uc5b4 \ub0b4\ub294 \ubc29\ubc95\uc744 \uc18c\uac1c\ud569\ub2c8\ub2e4.\ub610 \ud55c\ud3b8\uc73c\ub85c gevent\uc758 \ub2e8\uc810\uacfc, \ud55c\uacc4\ub4f1\uc5d0 \ub300\ud574\uc11c\ub3c4 \ub17c\ud574\ubcfc\uae4c \ud569\ub2c8\ub2e4."}}, {"pk": 4, "model": "pyconkr.program", "fields": {"category": 1, "speakers": [6], "name": "Python 3.4: AsyncIO", "slide_url": "", "times": [8], "rooms": [1], "date": 1, "desc": "Python 3.4\uc5d0 \ucd94\uac00\ub41c Asynchronous I/O \ub77c\uc774\ube0c\ub7ec\ub9ac\uc778 asyncio\uc5d0 \ub300\ud574 \uc124\uba85\ud558\uace0, \uae30\uc874\uc5d0 threading \uae30\ubc18\uc73c\ub85c \uc9dc\uc5ec\uc838\uc788\ub358 \uc11c\ubc84 \ud504\ub85c\uadf8\ub7a8\uc744 asyncio\ub85c \ub2e4\uc2dc \uc9dc\ub294 \uacfc\uc815\uc744 \ud1b5\ud574 \uae30\uc874 threading, gevent \ub4f1\uc758 \ub77c\uc774\ube0c\ub7ec\ub9ac\uc640 \ube44\uad50\ud574 \uc7a5\uc810, \ub2e8\uc810 \ub4f1\uc744 \uc124\uba85\ud569\ub2c8\ub2e4."}}, {"pk": 5, "model": "pyconkr.program", "fields": {"category": 1, "speakers": [7], "name": "Python\uc73c\ub85c \ucfe0\ud0a4\ub7f0 \uc6b4\uc601\ud558\uae30", "slide_url": "", "times": [9], "rooms": [1], "date": 1, "desc": "\ucfe0\ud0a4\ub7f0 for Kakao, LINE \ucfe0\ud0a4\ub7f0 \uc6b4\uc601\uc5d0 Python\uc744 \uc0ac\uc6a9\ud588\ub358 \uacbd\ud5d8\uc5d0 \ub300\ud55c \uacf5\uc720.\r\n\ub2e4\uc591\ud55c \uc77c\ub4e4\uc744 \ube60\ub974\uace0 \ud6a8\uc728\uc801\uc73c\ub85c \ucc98\ub9ac\ud558\ub294 \ub370\uc5d0 \uc0ac\uc6a9\ub418\uc5c8\ub358 Python\uc758 \uae30\ub2a5\ub4e4.\r\n\r\n - 1\uc5b5 \uc0ac\uc6a9\uc790\uc758 \uc815\ubcf4\ub97c \ub2e4\ub8e8\ub294 \ub2e4\uc591\ud55c \uc2a4\ud06c\ub9bd\ud2b8 \uc81c\uc791\ud558\uae30\r\n - Django\ub97c \uc774\uc6a9\ud55c \ub05d\ub0b4\uc8fc\ub294 \uc6b4\uc601\ud234 \uac1c\ubc1c\r\n - Celery\ub97c \uc774\uc6a9\ud558\uc5ec 10\ubd84\ub9cc\uc5d0 \uc804\uccb4 \uc0ac\uc6a9\uc790 \ud478\uc2dc\ubcf4\ub0b4\uae30\r\n - pyelasticsearch\ub97c \uc774\uc6a9\ud55c \uc218\uc5b5 \uac74\uc758 log \ubd84\uc11d\ud558\uae30"}}, {"pk": 6, "model": "pyconkr.program", "fields": {"category": 2, "speakers": [10], "name": "SociaLite: \ube45 \ub370\uc774\ud130 \ubd84\uc11d\uc744 \uc704\ud55c \ud30c\uc774\uc36c \ud1b5\ud569 \ucffc\ub9ac \uc5b8\uc5b4", "slide_url": "", "times": [3], "rooms": [2], "date": 1, "desc": "SociaLite\uc740 \ub300\uc6a9\ub7c9 \uadf8\ub798\ud504\uc640 \ub370\uc774\ud130 \ubd84\uc11d\uc744 \uc704\ud574 \uac1c\ubc1c\ub41c \ucffc\ub9ac\uc5b8\uc5b4 \ubc0f \ub7f0\ud0c0\uc784 \uc2dc\uc2a4\ud15c\uc785\ub2c8\ub2e4.\r\nSQL\uc815\ub3c4\uc758 \uace0\uc218\uc900\uc758 \ucffc\ub9ac \uc5b8\uc5b4\ub85c \ub370\uc774\ud130 \ubd84\uc11d \ucf54\ub4dc\ub97c \uad6c\ud604\ud558\uba74, SociaLite \ucef4\ud30c\uc77c\ub7ec\uac00 \uc5ec\ub7ec\uac00\uc9c0 optimization\uc744 \uc801\uc6a9\ud574\uc11c \ub9e4\uc6b0 \ud6a8\uc728\uc801\uc778 \ubcd1\ub82c/\ubd84\uc0b0\ucf54\ub4dc\ub85c \ucef4\ud30c\uc77c\ud569\ub2c8\ub2e4. \ucef4\ud30c\uc77c\ub41c \ucf54\ub4dc\ub294 Hadoop\uc5d0 \ube44\ud574\uc11c 1000\ubc30 \uc774\uc0c1 \ube60\ub974\uba70, \uc54c\uace0\ub9ac\uc998\uc5d0 \ub530\ub77c\uc11c C\ub85c \uad6c\ud604\ub41c (\ucd5c\uc801\ud654\ub41c) \ubcd1\ub82c\ucf54\ub4dc\uc640 \ube44\uc2b7\ud55c \uc131\ub2a5\uc744 \ub0bc \uc218 \uc788\uc2b5\ub2c8\ub2e4 [1].\r\n\r\nSociaLite\uc5d0\uc11c \uc81c\uacf5\ud558\ub294 \ucd94\uc0c1\ud654(abstraction)\uc740 \ub300\uc6a9\ub7c9 \ub370\uc774\ud130 \ubd84\uc11d\uc744 \ub9e4\uc6b0 \uc27d\uac8c \ub9cc\ub4e4\uc5b4\uc90d\ub2c8\ub2e4. \uc608\ub97c \ub4e4\uc5b4, in-memory \ubd84\uc0b0 \ud14c\uc774\ube14\uc744 \uc774\uc6a9\ud574\uc11c \ub370\uc774\ud130\ub97c \uc27d\uac8c \ubd84\uc0b0\ud574\uc11c \uc800\uc7a5\ud560 \uc218 \uc788\uace0, \ub610 \uc544\uc8fc \uc27d\uac8c distributed join operation\ub4f1\uc744 \uc801\uc6a9\ud560 \uc218 \uc788\ub3c4\ub85d \ud569\ub2c8\ub2e4.\r\n\r\n\ub610\ud55c, SociaLite\uc740 \ud30c\uc774\uc36c\uacfc \uc798 \ud1b5\ud569\ub418\uc5b4 \uc788\uc5b4\uc11c \ud30c\uc774\uc36c \ucf54\ub4dc\uc640 SociaLite \ucffc\ub9ac\ub97c \uc11e\uc5b4\uc11c \uc0ac\uc6a9\ud574\uc11c \ub370\uc774\ud130 \ubd84\uc11d \ucf54\ub4dc\ub97c \uad6c\ud604\ud560 \uc218 \uc788\uc2b5\ub2c8\ub2e4. \ud30c\uc774\uc36c \ucf54\ub4dc \uc911\uac04\uc5d0 SociaLite \ucffc\ub9ac\ub97c \uc0ac\uc6a9\ud560 \uc218 \uc788\uc73c\uba70, \ucffc\ub9ac \ub0b4\uc5d0\uc11c \ud30c\uc774\uc36c \ubcc0\uc218\ub098 \ud568\uc218\ub4e4\uc744 \uc0ac\uc6a9\ud574\uc11c programming logic\uc744 \uad6c\ud604\ud560 \uc218 \uc788\uc2b5\ub2c8\ub2e4. \ud30c\uc774\uc36c\uacfc\uc758 \ud1b5\ud569\uc740 \uc5ec\ub7ec\uac00\uc9c0 \ub370\uc774\ud130 \ubd84\uc11d/\ub9c8\uc774\ub2dd \uc54c\uace0\ub9ac\uc998\uc744 \uc27d\uac8c \uad6c\ud604\ud560 \uc218 \uc788\ub3c4\ub85d \ud574 \uc8fc\ub294\ub370, \uc608\ub97c \ub4e4\uc5b4\uc11c K-Means clustering algorithm\uc740 \uba87\uc904 \uc774\ub0b4\uc758 query\uc640 \ud30c\uc774\uc36c \ud568\uc218\ub85c \ubcd1\ub82c \ubc0f \ubd84\uc0b0\ub41c version\uc744 \uad6c\ud604\ud560 \uc218 \uc788\uc2b5\ub2c8\ub2e4.\r\n\r\n\uc774 \ubc1c\ud45c\uc5d0\uc11c\ub294 SociaLite \ucffc\ub9ac\uc5b8\uc5b4 \uc18c\uac1c \ubc0f \uad6c\ud604 technique\ub4e4\uc744 \uc124\uba85\ud560 \uc608\uc815\uc774\uba70, \uc2dc\uac04\uc774 \ub41c\ub2e4\uba74 Gephi (graph visualization framework) \ub97c \uc774\uc6a9\ud55c \ub370\ubaa8\ub3c4 \ud560 \uc608\uc815\uc785\ub2c8\ub2e4."}}, {"pk": 7, "model": "pyconkr.program", "fields": {"category": 2, "speakers": [12], "name": "NetworkX\ub97c \uc774\uc6a9\ud55c \ub124\ud2b8\uc6cc\ud06c \ubd84\uc11d", "slide_url": "", "times": [4], "rooms": [2], "date": 1, "desc": "NetworkX \uc18c\uac1c\r\n - \uac04\ub2e8\ud55c \ud29c\ud1a0\ub9ac\uc5bc\r\n - pymongo(MongoDB) \uc5f0\uacb0 \ub610\ub294 Neo4j(GraphDB) \uc5f0\uacb0\r\n\uc0ac\uc6a9 \uc608\uc81c\r\n - \ud14c\ub7ec\ub9ac\uc2a4\ud2b8 \ub124\ud2b8\uc6cc\ud06c\r\n - \uc601\ud654 \ub300\ubcf8 \ub124\ud2b8\uc6cc\ud06c\r\n - \ud2b9\ud5c8 \uc9c0\ub3c4 \ub9cc\ub4e4\uae30\r\n - \ub124\ud2b8\uc6cc\ud06c \uc608\uce21\r\n\uacb0\ub860\r\n - SNA \ub610\ub294 Complex Network Analysis\ub294 \ube44\uc2fc \ud504\ub85c\uadf8\ub7a8\ub4e4\uc774 \uc5c6\uc5b4\ub3c4 \ud30c\uc774\uc36c\uc744 \uc774\uc6a9\ud574 \uc190\uc27d\uac8c \uc9c4\ud589\ud560 \uc218 \uc788\ub2e4.\r\n\r\n\r\n\uc800\ub294 \ud30c\uc774\uc36c\uc758 \ub77c\uc774\ube0c\ub7ec\ub9ac NetworkX(http://networkx.github.io/)\ub97c \uc774\uc6a9\ud558\uc5ec\r\n\ubd80\uc0b0\uacfc\uace0, \uc6b8\uc0b0\uacfc\uace0, \ub300\uad6c\uacfc\uace0 \ud559\uc0dd\ub4e4\uacfc complex network analysis\ub97c \uc9c4\ud589\ud558\uace0 \uc788\ub294\ub370\uc694,\r\n\uc774 \uacbd\ud5d8\uc744 \ud30c\uc774\uc36c \uc0ac\uc6a9\uc790\ub4e4\uacfc \ub098\ub204\uba74 \uc7ac\ubc0c\uc9c0 \uc54a\uc744\uae4c \uc2f6\uc5b4\uc11c \uc2ac\uca4d \uc9c0\uc6d0\ud574 \ubd05\ub2c8\ub2e4. ^^;"}}, {"pk": 8, "model": "pyconkr.program", "fields": {"category": 2, "speakers": [13], "name": "\uae08\uc735 \ub370\uc774\ud130 \uc774\ud574\uc640 \ubd84\uc11d", "slide_url": "", "times": [5], "rooms": [2], "date": 1, "desc": "\ud30c\uc774\uc36c\uc744 \uae30\ubc18\uc73c\ub85c \uae08\uc735\ub370\uc774\ud130(\uc8fc\uc2dd\uc2dc\uc7a5 \ub370\uc774\ud130)\uc5d0 \ub300\ud55c \uc774\ud574\uc640 \ubd84\uc11d\uc744 \uc704\ud55c \uad6c\uccb4\uc801\uc778 \ubc29\ubc95\ub4e4 \uc18c\uac1c \ud569\ub2c8\ub2e4.\r\n- \uae08\uc735 \ub370\uc774\ud130 \uc218\uc9d1\uacfc \uc800\uc7a5\r\n- \uae08\uc735 \ub370\uc774\ud130\uc758 \uce21\uc815\uacfc \ud655\ub960\ubd84\ud3ec\r\n- \uae08\uc735 \ub370\uc774\ud130 \ud1b5\uacc4\ubd84\uc11d\r\n- \uae08\uc735 \uc704\ud5d8 \uce21\uc815\r\n- \uae30\uc220\uc801 \ubd84\uc11d (\uc2dc\uacc4\uc5f4 \ubd84\uc11d)\r\n- \ub370\uc774\ud130 \uc2dc\uac01\ud654"}}, {"pk": 9, "model": "pyconkr.program", "fields": {"category": 2, "speakers": [14], "name": "DNA \ub370\uc774\ud130\ub85c \uac00\uc871\ucc3e\uae30", "slide_url": "", "times": [7], "rooms": [2], "date": 1, "desc": "DNA \ub370\uc774\ud130\ub97c \uc774\uc6a9\ud574\uc11c, \ub3d9\uc77c\uc131, \ubd80\ubaa8\uc790\uc2dd\uad00\uacc4, \uce5c\ucc99\uad00\uacc4\ub97c \uac80\uc0c9\ud560 \uc218 \uc788\ub294 \ub370\uc774\ud130\ubca0\uc774\uc2a4 \uc5b4\ud50c\ub9ac\ucf00\uc774\uc158\uc744 Pandas\uc640 Mongodb\ub85c \uad6c\ud604\ud55c \uc608\ub97c \uc54c\uae30 \uc27d\uac8c \uc124\uba85\ud569\ub2c8\ub2e4.  \r\n\r\n\uc8fc\uc694 \ubaa9\ucc28\r\n 1. \uc720\uc804\ubcc0\uc774\uc758 \uc885\ub958, A-STR, Y-STR, mtDNA\r\n 2. DNA \uc2dd\ubcc4\uc815\ubcf4 \uac80\uc0ac\uc640 \uac80\uc0c9\r\n 3. \uadfc\uc0ac\uac80\uc0c9 (approximate search)\r\n 4. Pandas\uc640 Mongodb\ub97c \uc774\uc6a9\ud55c \ub370\uc774\ud130\ubca0\uc774\uc2a4 \uc5b4\ud50c\ub9ac\ucf00\uc774\uc158 \uad6c\ud604 \r\n 5. \uac80\uc0c9\uacb0\uacfc\uc758 \uc870\ud569 \r\n 6. \ud558\ud50c\ub85c\uadf8\ub8f9 \uc608\uce21 "}}, {"pk": 10, "model": "pyconkr.program", "fields": {"category": 2, "speakers": [16], "name": "\uc790\ubc14, \ubbf8\uc548\ud558\ub2e4! \ud30c\uc774\uc36c \ud55c\uad6d\uc5b4 NLP", "slide_url": "", "times": [8], "rooms": [2], "date": 1, "desc": "NLTK \ub355\uc5d0 \ud30c\uc774\uc36c\uc73c\ub85c \uc790\uc5f0\uc5b4\ucc98\ub9ac\ub97c \ud558\ub294 \uac83\uc774 \ud3b8\ub9ac\ud574\uc84c\ub2e4. \ub2e8, \ud55c\uad6d\uc5b4\ub9cc \ubd84\uc11d\ud558\ub824\ud558\uc9c0 \uc54a\ub294\ub2e4\uba74. \ud30c\uc774\uc36c\uc73c\ub85c \ud55c\uad6d\uc5b4\ub97c \ubd84\uc11d\ud560 \uc218\ub294 \uc5c6\uc744\uae4c? \uad6d\ubb38, \uc601\ubb38, \uc911\ubb38 \ub4f1 \ub2e4\uc591\ud55c \ubb38\uc790\uac00 \uc11e\uc5ec \uc788\ub294 \ubb38\uc11c\ub294 \uc5b4\ub5bb\uac8c \ubd84\uc11d\uc744 \ud560 \uc218 \uc788\uc744\uae4c? \r\n\uc774 \ubc1c\ud45c\uc5d0\uc11c\ub294 \uc790\uc5f0\uc5b4\ucc98\ub9ac\uc758 \uae30\ucd08\uc801\uc778 \uac1c\ub150\uc744 \ub2e4\ub8ec \ud6c4, NLTK \ub4f1\uc758 \uc790\uc5f0\uc5b4\ucc98\ub9ac \ub77c\uc774\ube0c\ub7ec\ub9ac\uc640 \ud55c\uad6d\uc5b4 \ubd84\uc11d\uc744 \uc704\ud574 \uac1c\ubc1c\uc911\uc778 KoNLPy\ub97c \uc18c\uac1c\ud55c\ub2e4. \ub610, \ud30c\uc774\uc36c\uc73c\ub85c \ud55c\uad6d\uc5b4\ub97c \ubd84\uc11d\ud560 \ub54c \uc720\uc6a9\ud55c \uba87 \uac00\uc9c0 \ud2b8\ub9ad\uc744 \uacf5\uc720\ud55c\ub2e4."}}, {"pk": 11, "model": "pyconkr.program", "fields": {"category": 2, "speakers": [17], "name": "Introduction to Bigdata with 0% Java", "slide_url": "", "times": [9], "rooms": [2], "date": 1, "desc": "- what is big data? what is map reduce ?\r\n- introducing disco (http://discoproject.org)\r\n- hadoop vs disco\r\n- build your own cluster & testing with it\r\n\r\n\ud558\ub461\uc774 \uc544\ub2cc map reduce \uad6c\ud604\uccb4 \uc911, Erlang \uacfc Python \uc774 \uacb0\ud569\ub41c discoproject \uc5d0 \ub300\ud574 \uc18c\uac1c.\r\n\ube45 \ub370\uc774\ud130, map reduce \uc758 \uae30\ucd08 \uac1c\ub150 \uc18c\uac1c\r\n"}}, {"pk": 12, "model": "pyconkr.program", "fields": {"category": 3, "speakers": [4], "name": "Python with Cloud For Startup", "slide_url": "", "times": [3], "rooms": [3], "date": 1, "desc": "\ud074\ub77c\uc6b0\ub4dc \uae30\ubc18 \uc11c\ube44\uc2a4\ub97c \uc704\ud55c \ud30c\uc774\uc36c \uac1c\ubc1c\uc790\ub97c \uc704\ud574\uc11c \uc27d\uace0 \ube60\ub978 \ud074\ub77c\uc6b0\ub4dc \uc11c\ube44\uc2a4 \uae30\ubc18 \uac1c\ubc1c\ud658\uacbd \uad6c\ucd95 \ubc0f \uc0ac\uc6a9\uacbd\ud5d8\uc744 \ub098\ub204\uace0\uc790 \ud569\ub2c8\ub2e4.\r\n1. \uc81c\ud488\uc774 \uc544\ub2cc '\uc11c\ube44\uc2a4'\ub97c \ub9cc\ub4e4\ub2e4.\r\n* \uc11c\ube44\uc2a4 \ucd9c\uc2dc\ub97c \uc704\ud574\uc11c \ud30c\uc774\uc36c\uc744 \uc120\ud0dd\ud55c \uc774\uc720\ub97c \uac19\uc774 \ub098\ub204\uace0\uc790 \ud569\ub2c8\ub2e4.\r\n2. \uc27d\uace0 \ube60\ub978 \uac1c\ubc1c\uc740 \uc5c6\uc5c8\ub2e4.\r\n* \ud30c\uc774\uc36c\uc774 \ub9cc\ub2a5\uc758 \uc5f4\uc1e0\ub294 \uc544\ub2c8\uc600\ub2e4. \ud558\uc9c0\ub9cc \uc911\uc694\ud55c \uc5ed\ud560\uc744 \ub2f4\ub2f9\ud558\uac8c \ub41c \uc0ac\uc5f0\uc744 \uc18c\uac1c\ud558\uace0 \uc2f6\uc2b5\ub2c8\ub2e4.\r\n3. \ud504\ub808\uc784\uc6cc\ud06c\uc758 \ud568\uc815\uc5d0 \ube60\uc9c0\ub2e4.\r\n* \ud504\ub808\uc784\uc6cc\ud06c \uc0ac\uc6a9\uc2dc \uc8fc\uc758\ud574\uc57c \uc810\uc5d0 \ub300\ud574\uc11c \uc18c\uac1c\ud558\uace0\uc790 \ud569\ub2c8\ub2e4.\r\n"}}, {"pk": 13, "model": "pyconkr.program", "fields": {"category": 3, "speakers": [8], "name": "Python\uae30\ubc18\uc758 MySQL Fabric\uc744 \uc774\uc6a9\ud55c \uc0e4\ub529 \ubc0f \ud655\uc7a5", "slide_url": "", "times": [4], "rooms": [3], "date": 1, "desc": "MySQL Fabric\uc740 \ud604\uc7ac  MySQL\uc744 \uc704\ud55c \ud655\uc7a5 \ubc0f \uace0\uac00\uc6a9\uc131(HA) \ub97c \uc9c0\uc6d0\ud558\uae30 \uc704\ud55c open source framework\uc785\ub2c8\ub2e4.  Python\uc73c\ub85c \uc791\uc131\ub41c MySQL Fabric \uc740 \uc624\ub77c\ud074 MySQL \uc5d4\uc9c0\ub2c8\uc5b4\ub9c1\ud300\uc5d0\uc11c \ub9b4\ub9ac\uc988\ud588\uc2b5\ub2c8\ub2e4. MySQL \uc11c\ubc84 \ud31c\uc744 \uc27d\uac8c \uad00\ub9ac\ud560 \uc218 \uc788\uc73c\uba70, \uc801\uc740 \uc218\uc758 \uc11c\ubc84\ub97c \uac00\uc9c4 \uc5b4\ud50c\ub9ac\ucf00\uc774\uc158\uc774\ub4e0 \ub9ce\uc740 \uc218\uc758 \uc11c\ubc84\ub97c \uac00\uc9c4 \uc5b4\ud50c\ub9ac\ucf00\uc774\uc158\uc774\ub4e0 \uc0c1\uad00\uc5c6\uc774 \uc774\uc6a9\uac00\ub2a5\ud569\ub2c8\ub2e4.\r\n\uc774 \uc138\uc158\uc5d0\uc11c MySQL Fabric\uc5d0 \ub300\ud55c \uc18c\uac1c \ubc0f \uace0\uac00\uc6a9\uc131 \ubc0f \uc0e4\ud305\uc744 \uc5b4\ub5bb\uac8c \uc9c0\uc6d0\ud558\ub294\uc9c0 \uadf8\ub9ac\uace0 MySQL Fabric\uc758  \ucd5c\uc2e0 \uae30\ub2a5\ub4e4\uc758 \uc7a5\uc810\uc744 \uc774\uc6a9\ud574 \uc5b4\ud50c\ub9ac\ucf00\uc774\uc158\uc744 \uc791\uc131\ud558\uace0 \uad00\ub9ac\ud558\ub294\uc9c0\uc5d0 \ub300\ud574 \uc544\uc2dc\uac8c \ub418\uc2e4\uac81\ub2c8\ub2e4."}}, {"pk": 14, "model": "pyconkr.program", "fields": {"category": 3, "speakers": [11], "name": "IPython\uacfc Pandas\ub97c \ud65c\uc6a9\ud55c \uac8c\uc784\ub370\uc774\ud130 \ubd84\uc11d", "slide_url": "", "times": [5], "rooms": [3], "date": 1, "desc": "IPython Notebook\uc758 \ud3b8\ub9ac\ud55c \uae30\ub2a5\uacfc Pandas\uc758 \uac15\ub825\ud55c \ub370\uc774\ud130 \ubd84\uc11d \ub2a5\ub825\uc73c\ub85c \uac8c\uc784 \ub85c\uadf8 \ubd84\uc11d \uc2dc\uc2a4\ud15c\uc744 \uad6c\ucd95\ud55c \uc0ac\ub840\ub97c \uc18c\uac1c\ud569\ub2c8\ub2e4.\r\n\uc544\uc6b8\ub7ec \ubd84\uc11d\uc774 \ub05d\ub09c \uacb0\uacfc\ubb3c\uc744 \ud300\uc6d0\ub4e4\uacfc \uacf5\uc720\ud558\uae30 \uc704\ud55c Dashboard \uc2dc\uc2a4\ud15c\uc744 \uc18c\uac1c\ud569\ub2c8\ub2e4."}}, {"pk": 15, "model": "pyconkr.program", "fields": {"category": 3, "speakers": [15], "name": "30\ubd84\ub9cc\uc5d0 \ub530\ub77c\ud558\ub294 \ub3d9\uc2dc\uc131 \uc6f9 \uc2a4\ud06c\ub798\ud37c", "slide_url": "", "times": [7], "rooms": [3], "date": 1, "desc": "\ube45\ub370\uc774\ud130, \ub370\uc774\ud130\ub9c8\uc774\ub2dd, \uacf5\uacf5\ub370\uc774\ud130, \uc624\ud508\ub370\uc774\ud130 - \uadf8 \uc5b4\ub290\ub54c\ubcf4\ub2e4 \ub370\uc774\ud130 \ubd84\uc11d \ubc0f \ud65c\uc6a9\uc774 \uc911\uc694\ud574\uc9c4 \uc774 \uc2dc\uae30\uc5d0 \uc6f9 \uc0c1\uc758 \uc218\ub9ce\uc740 \uacf5\uac1c\ub41c \uc790\ub8cc\ub97c \uc9c1\uc811 \uc218\uc9d1\ud560 \uc218 \uc788\ub294 \uc6f9 \uc2a4\ud06c\ub798\ud551/\ud06c\ub864\ub9c1 \uae30\uc220\uc740 \ub370\uc774\ud130 \uc218\uc9d1 \ubc0f \ud65c\uc6a9 \ub2a5\ub825\uc5d0 \ud070 \ub3c4\uc6c0\uc774 \ub429\ub2c8\ub2e4.\r\n\r\n\uc774 \uac15\uc758\uc5d0\uc11c\ub294 \ud06c\ub864\ub9c1 \ud504\ub808\uc784\uc6cd\uc744 \uc0ac\uc6a9\ud558\uc9c0 \uc54a\uace0 HTTP, DOM, concurrency\ub97c \ub2f4\ub2f9\ud558\ub294 \uae30\ubcf8\uc801\uc778 \ub77c\uc774\ube0c\ub7ec\ub9ac\ub9cc\uc744 \uc0ac\uc6a9\ud574 \uc9c1\uc811 \uc6f9 \uc2a4\ud06c\ub798\ud37c\ub97c \ucc98\uc74c\ubd80\ud130(from scratch) \uc791\uc131\ud574 \ubd04\uc73c\ub85c\uc368, \uc5b8\uc81c\ub4e0 \uc790\uc720\ub3c4 \ub192\uc740 \ub3d9\uc2dc\uc131 \ud06c\ub864\ub7ec\ub97c \uc9c1\uc811 \uad6c\ud604\ud560 \uc218 \uc788\ub3c4\ub85d \uc791\ub3d9 \uc6d0\ub9ac\ub97c \uc774\ud574\ud560 \uc218 \uc788\ub3c4\ub85d \ud569\ub2c8\ub2e4."}}, {"pk": 16, "model": "pyconkr.program", "fields": {"category": 3, "speakers": [3], "name": "\ub124\ud2b8\uc6cc\ud06c \ud558\ub4dc\uc6e8\uc5b4\uc5d0\uc11c\uc758 \ud30c\uc774\uc36c \ud65c\uc6a9\ubc29\uc548\uacfc \uc2e4\uc81c", "slide_url": "", "times": [8], "rooms": [3], "date": 1, "desc": "\ub124\ud2b8\uc6cd \uc7a5\ube44\uc5d0\ub3c4 \ud30c\uc774\uc36c\uc774 \ud65c\uc6a9\ub429\ub2c8\ub2e4.\r\n\uc2e4\uc81c \ub124\ud2b8\uc6cc\ud06c \ud558\ub4dc\uc6e8\uc5b4 \uad00\uc810\uc5d0\uc11c \uc81c\uc5b4/\uad00\ub9ac/\uc6b4\uc601 \ub4f1\uc5d0 Python\uc774 \uc5b4\ub5bb\uac8c \uc0ac\uc6a9\ub418\ub294\uc9c0 \ub4f1\uc758 \ub0b4\uc6a9\uc744 \uc804\ub2ec\ud574 \ub4dc\ub9ac\uace0,\r\n\uc800\ud76c \uc7a5\ube44\uc758 \uacbd\uc6b0 \uc5b4\ub5bb\uac8c Python\uc744 \ud1b5\ud55c eAPI\uc640 ZTP \ubc0f OS\ud655\uc7a5\uc131 \ub4f1\uc5d0 \ud65c\uc6a9\ub418\ub294\uc9c0\uc5d0 \ub300\ud574 \uc124\uba85 \ub4dc\ub9ac\uace0 \uc2f6\uc2b5\ub2c8\ub2e4. "}}, {"pk": 17, "model": "pyconkr.program", "fields": {"category": 4, "speakers": [18], "name": "Hadoop & Python", "slide_url": "", "times": [10], "rooms": [], "date": 1, "desc": "1. ubuntu \ud658\uacbd\uc5d0\uc11c python\uc5b8\uc5b4\ub97c \uc774\uc6a9, hadoop\uc744 \ub3d9\uc791\uc2dc\ud0ac\ub54c \ud544\uc694\ud55c \uac83\ub4e4\uc744 \uc18c\uac1c\r\n2. \ub370\uc774\ud130 \ud06c\ub864\ub9c1 \ubc0f \ud30c\uc2f1  "}}, {"pk": 18, "model": "pyconkr.program", "fields": {"category": 4, "speakers": [19], "name": "IPython\uc73c\ub85c \uc0c1\ud638\uc801, \uc7ac\ud604 \uac00\ub2a5\ud55c \uc0dd\ubb3c\uc815\ubcf4\ud559 \uc5f0\uad6c\ud558\uae30", "slide_url": "", "times": [10], "rooms": [], "date": 1, "desc": "\uc0dd\ubb3c\ud559 \uc5f0\uad6c\uc5d0 \ub300\ud574 \uae30\uc874\uc5d0 \uc218\ud589\ub418\uc5c8\ub358 \ube44\uc0c1\ud638\uc801, \uc77c\ud68c\uc801 \ubd84\uc11d \ubc29\ubc95\uc744 IPython\uc744 \uc774\uc6a9\ud55c \uc0c1\ud638\uc801, \uc7ac\ud604 \uac00\ub2a5\ud55c \uc0dd\ubb3c\uc815\ubcf4\ud559 \ubd84\uc11d\uc744 \uc218\ud589\ud55c \uc0ac\ub840\ub97c \uc18c\uac1c\ud558\uace0\uc790 \ud55c\ub2e4."}}, {"pk": 19, "model": "pyconkr.program", "fields": {"category": 4, "speakers": [20], "name": "\uad6d\ubbfc\ub0b4\ube44 \uae40\uae30\uc0ac\uc640 Python", "slide_url": "", "times": [10], "rooms": [], "date": 1, "desc": "\ubaa9\ucc28 : \r\n \uac04\ub2e8\ud55c \uc18c\uac1c : K\uc0ac 2\ub144 S\uc0ac 6\ub144\ub3d9\uc548 \ubc29\ud669\ud558\ub2e4\uac00 \uc9c4\uc9dc \uc77c\uc744 \ud558\ub824\uace0 \uc774\uc9c1\ud568.\r\n \ud558\uace0 \uc788\ub294 \uc77c : \ub9ce\uc740 \ub370\uc774\ud130\ub97c \ud6a8\uacfc\uc801\uc73c\ub85c \ucc98\ub9ac\ud558\uace0 \uc758\ubbf8\uc788\ub294 \ub370\uc774\ud130\ub97c \ub9cc\ub4e4\uae30 \uc704\ud574 \uc5f0\uad6c(\uc0bd\uc9c8)\ud558\uace0 \uc788\uc2b5\ub2c8\ub2e4.\r\n \uc65c Python\uc778\uac00?(1) : Mongo DB, PIL(Python Image Library), JDBC \uc5f0\uacb0 \ub4f1 \ubabb\ud558\ub294 \uac83\uc774 \uc5c6\uc74c.\r\n \uc65c Python\uc778\uac00?(2) : CGI\uc5d0\uc11c MongoDB\uc5d0\uc11c \ub370\uc774\ud130\ub97c \uc774\uc6a9\ud558\uc5ec \uc774\ubbf8\uc9c0 \uc0dd\uc131\ud558\ub294 \uc608.\r\n \uc65c Python\uc778\uac00?(3) : C or Java\ub85c \ub9cc\ub4e4\ub824\ub2c8 \uadc0\ucc2e\uc73c\ub2c8\uae4c! \uadf8\ub9ac\uace0 \ub09c \ube68\ub9ac \ud574\ubcf4\uace0 \uc544\ub2c8\uba74 \uc0c8 \ubc29\ubc95\uc744 \ucc3e\uc544\uc57c \ud568.\r\n \uacb0\ub860 : Python \uc4f0\uc138\uc694! "}}, {"pk": 20, "model": "pyconkr.program", "fields": {"category": null, "speakers": [21], "name": "\uac1c\ud68c\uc0ac", "slide_url": "", "times": [2], "rooms": [1, 2, 3], "date": 1, "desc": "<p>\ud30c\uc774\ucf58 \ucf54\ub9ac\uc544 \uac1c\ud68c\uc0ac</p>"}}, {"pk": 21, "model": "pyconkr.program", "fields": {"category": null, "speakers": [], "name": "\ucc38\uac00\uc790 \ub4f1\ub85d", "slide_url": "", "times": [1], "rooms": [1, 2, 3], "date": 1, "desc": "<p>\ucc38\uac00\uc790 \ub4f1\ub85d<br></p>"}}, {"pk": 22, "model": "pyconkr.program", "fields": {"category": null, "speakers": [], "name": "Lightning talk", "slide_url": "", "times": [10], "rooms": [1, 2, 3], "date": 1, "desc": "<p>Lightning talk<br></p>"}}, {"pk": 23, "model": "pyconkr.program", "fields": {"category": null, "speakers": [], "name": "\ud3d0\ud68c\uc0ac", "slide_url": "", "times": [11], "rooms": [1, 2, 3], "date": 1, "desc": "<p>\ud3d0\ud68c\uc0ac</p>"}}, {"pk": 24, "model": "pyconkr.program", "fields": {"category": null, "speakers": [], "name": "BOF", "slide_url": "", "times": [12], "rooms": [1, 2, 3], "date": 1, "desc": "<p>BOF</p>"}}, {"pk": 1, "model": "pyconkr.announcement", "fields": {"desc": "<p>\ub77c\uace0 \ud569\ub2c8\ub2e4.</p>", "created": "2014-08-09T01:08:07.347Z", "modified": "2014-08-09T01:08:07.347Z", "title": "\ud30c\uc774\uc36c \ucf54\ub9ac\uc544\ub97c \uac1c\ucd5c\ud569\ub2c8\ub2e4"}}, {"pk": 1, "model": "pyconkr.jobfair", "fields": {"sponsor": 1, "desc": "<p>GDG \ub294 \uc5b4\uca4c\uace0 \uc800\uca4c\uace0</p>", "name": "GDG", "location": "\ub9c8\ub2f9"}}, {"pk": 1, "model": "auth.permission", "fields": {"codename": "add_logentry", "name": "Can add log entry", "content_type": 1}}, {"pk": 2, "model": "auth.permission", "fields": {"codename": "change_logentry", "name": "Can change log entry", "content_type": 1}}, {"pk": 3, "model": "auth.permission", "fields": {"codename": "delete_logentry", "name": "Can delete log entry", "content_type": 1}}, {"pk": 4, "model": "auth.permission", "fields": {"codename": "add_permission", "name": "Can add permission", "content_type": 2}}, {"pk": 5, "model": "auth.permission", "fields": {"codename": "change_permission", "name": "Can change permission", "content_type": 2}}, {"pk": 6, "model": "auth.permission", "fields": {"codename": "delete_permission", "name": "Can delete permission", "content_type": 2}}, {"pk": 7, "model": "auth.permission", "fields": {"codename": "add_group", "name": "Can add group", "content_type": 3}}, {"pk": 8, "model": "auth.permission", "fields": {"codename": "change_group", "name": "Can change group", "content_type": 3}}, {"pk": 9, "model": "auth.permission", "fields": {"codename": "delete_group", "name": "Can delete group", "content_type": 3}}, {"pk": 10, "model": "auth.permission", "fields": {"codename": "add_user", "name": "Can add user", "content_type": 4}}, {"pk": 11, "model": "auth.permission", "fields": {"codename": "change_user", "name": "Can change user", "content_type": 4}}, {"pk": 12, "model": "auth.permission", "fields": {"codename": "delete_user", "name": "Can delete user", "content_type": 4}}, {"pk": 13, "model": "auth.permission", "fields": {"codename": "add_contenttype", "name": "Can add content type", "content_type": 5}}, {"pk": 14, "model": "auth.permission", "fields": {"codename": "change_contenttype", "name": "Can change content type", "content_type": 5}}, {"pk": 15, "model": "auth.permission", "fields": {"codename": "delete_contenttype", "name": "Can delete content type", "content_type": 5}}, {"pk": 16, "model": "auth.permission", "fields": {"codename": "add_session", "name": "Can add session", "content_type": 6}}, {"pk": 17, "model": "auth.permission", "fields": {"codename": "change_session", "name": "Can change session", "content_type": 6}}, {"pk": 18, "model": "auth.permission", "fields": {"codename": "delete_session", "name": "Can delete session", "content_type": 6}}, {"pk": 19, "model": "auth.permission", "fields": {"codename": "add_site", "name": "Can add site", "content_type": 7}}, {"pk": 20, "model": "auth.permission", "fields": {"codename": "change_site", "name": "Can change site", "content_type": 7}}, {"pk": 21, "model": "auth.permission", "fields": {"codename": "delete_site", "name": "Can delete site", "content_type": 7}}, {"pk": 22, "model": "auth.permission", "fields": {"codename": "add_flatpage", "name": "Can add flat page", "content_type": 8}}, {"pk": 23, "model": "auth.permission", "fields": {"codename": "change_flatpage", "name": "Can change flat page", "content_type": 8}}, {"pk": 24, "model": "auth.permission", "fields": {"codename": "delete_flatpage", "name": "Can delete flat page", "content_type": 8}}, {"pk": 25, "model": "auth.permission", "fields": {"codename": "add_attachment", "name": "Can add attachment", "content_type": 9}}, {"pk": 26, "model": "auth.permission", "fields": {"codename": "change_attachment", "name": "Can change attachment", "content_type": 9}}, {"pk": 27, "model": "auth.permission", "fields": {"codename": "delete_attachment", "name": "Can delete attachment", "content_type": 9}}, {"pk": 28, "model": "auth.permission", "fields": {"codename": "add_room", "name": "Can add room", "content_type": 10}}, {"pk": 29, "model": "auth.permission", "fields": {"codename": "change_room", "name": "Can change room", "content_type": 10}}, {"pk": 30, "model": "auth.permission", "fields": {"codename": "delete_room", "name": "Can delete room", "content_type": 10}}, {"pk": 31, "model": "auth.permission", "fields": {"codename": "add_programdate", "name": "Can add program date", "content_type": 11}}, {"pk": 32, "model": "auth.permission", "fields": {"codename": "change_programdate", "name": "Can change program date", "content_type": 11}}, {"pk": 33, "model": "auth.permission", "fields": {"codename": "delete_programdate", "name": "Can delete program date", "content_type": 11}}, {"pk": 34, "model": "auth.permission", "fields": {"codename": "add_programtime", "name": "Can add program time", "content_type": 12}}, {"pk": 35, "model": "auth.permission", "fields": {"codename": "change_programtime", "name": "Can change program time", "content_type": 12}}, {"pk": 36, "model": "auth.permission", "fields": {"codename": "delete_programtime", "name": "Can delete program time", "content_type": 12}}, {"pk": 37, "model": "auth.permission", "fields": {"codename": "add_sponsorlevel", "name": "Can add sponsor level", "content_type": 13}}, {"pk": 38, "model": "auth.permission", "fields": {"codename": "change_sponsorlevel", "name": "Can change sponsor level", "content_type": 13}}, {"pk": 39, "model": "auth.permission", "fields": {"codename": "delete_sponsorlevel", "name": "Can delete sponsor level", "content_type": 13}}, {"pk": 40, "model": "auth.permission", "fields": {"codename": "add_sponsor", "name": "Can add sponsor", "content_type": 14}}, {"pk": 41, "model": "auth.permission", "fields": {"codename": "change_sponsor", "name": "Can change sponsor", "content_type": 14}}, {"pk": 42, "model": "auth.permission", "fields": {"codename": "delete_sponsor", "name": "Can delete sponsor", "content_type": 14}}, {"pk": 43, "model": "auth.permission", "fields": {"codename": "add_speaker", "name": "Can add speaker", "content_type": 15}}, {"pk": 44, "model": "auth.permission", "fields": {"codename": "change_speaker", "name": "Can change speaker", "content_type": 15}}, {"pk": 45, "model": "auth.permission", "fields": {"codename": "delete_speaker", "name": "Can delete speaker", "content_type": 15}}, {"pk": 46, "model": "auth.permission", "fields": {"codename": "add_program", "name": "Can add program", "content_type": 16}}, {"pk": 47, "model": "auth.permission", "fields": {"codename": "change_program", "name": "Can change program", "content_type": 16}}, {"pk": 48, "model": "auth.permission", "fields": {"codename": "delete_program", "name": "Can delete program", "content_type": 16}}, {"pk": 49, "model": "auth.permission", "fields": {"codename": "add_migrationhistory", "name": "Can add migration history", "content_type": 17}}, {"pk": 50, "model": "auth.permission", "fields": {"codename": "change_migrationhistory", "name": "Can change migration history", "content_type": 17}}, {"pk": 51, "model": "auth.permission", "fields": {"codename": "delete_migrationhistory", "name": "Can delete migration history", "content_type": 17}}, {"pk": 52, "model": "auth.permission", "fields": {"codename": "add_announcement", "name": "Can add announcement", "content_type": 18}}, {"pk": 53, "model": "auth.permission", "fields": {"codename": "change_announcement", "name": "Can change announcement", "content_type": 18}}, {"pk": 54, "model": "auth.permission", "fields": {"codename": "delete_announcement", "name": "Can delete announcement", "content_type": 18}}, {"pk": 55, "model": "auth.permission", "fields": {"codename": "add_programcategory", "name": "Can add program category", "content_type": 19}}, {"pk": 56, "model": "auth.permission", "fields": {"codename": "change_programcategory", "name": "Can change program category", "content_type": 19}}, {"pk": 57, "model": "auth.permission", "fields": {"codename": "delete_programcategory", "name": "Can delete program category", "content_type": 19}}, {"pk": 58, "model": "auth.permission", "fields": {"codename": "add_jobfair", "name": "Can add jobfair", "content_type": 20}}, {"pk": 59, "model": "auth.permission", "fields": {"codename": "change_jobfair", "name": "Can change jobfair", "content_type": 20}}, {"pk": 60, "model": "auth.permission", "fields": {"codename": "delete_jobfair", "name": "Can delete jobfair", "content_type": 20}}, {"pk": 1, "model": "auth.user", "fields": {"username": "lqez", "first_name": "", "last_name": "", "is_active": true, "is_superuser": true, "is_staff": true, "last_login": "2014-08-09T00:16:24.474Z", "groups": [], "user_permissions": [], "password": "pbkdf2_sha256$12000$CQXC8CWpJsHa$PIx+yuzIgprVJvWtc+Bl7uwsHwQFiJ4XibTHngZaqoo=", "email": "", "date_joined": "2014-08-09T00:16:19.421Z"}}, {"pk": 1, "model": "admin.logentry", "fields": {"action_flag": 1, "action_time": "2014-08-09T00:16:35.696Z", "object_repr": "08/30 (Sat)", "object_id": "1", "change_message": "", "user": 1, "content_type": 11}}, {"pk": 2, "model": "admin.logentry", "fields": {"action_flag": 1, "action_time": "2014-08-09T00:16:55.016Z", "object_repr": "09:00:00 - 10:00:00", "object_id": "1", "change_message": "", "user": 1, "content_type": 12}}, {"pk": 3, "model": "admin.logentry", "fields": {"action_flag": 1, "action_time": "2014-08-09T00:17:04.168Z", "object_repr": "10:00:00 - 10:15:00", "object_id": "2", "change_message": "", "user": 1, "content_type": 12}}, {"pk": 4, "model": "admin.logentry", "fields": {"action_flag": 1, "action_time": "2014-08-09T00:17:12.786Z", "object_repr": "10:15:00 - 11:00:00", "object_id": "3", "change_message": "", "user": 1, "content_type": 12}}, {"pk": 5, "model": "admin.logentry", "fields": {"action_flag": 1, "action_time": "2014-08-09T00:17:20.044Z", "object_repr": "11:00:00 - 11:45:00", "object_id": "4", "change_message": "", "user": 1, "content_type": 12}}, {"pk": 6, "model": "admin.logentry", "fields": {"action_flag": 1, "action_time": "2014-08-09T00:17:27.011Z", "object_repr": "11:45:00 - 12:30:00", "object_id": "5", "change_message": "", "user": 1, "content_type": 12}}, {"pk": 7, "model": "admin.logentry", "fields": {"action_flag": 1, "action_time": "2014-08-09T00:17:37.437Z", "object_repr": "12:30:00 - 13:45:00", "object_id": "6", "change_message": "", "user": 1, "content_type": 12}}, {"pk": 8, "model": "admin.logentry", "fields": {"action_flag": 1, "action_time": "2014-08-09T00:17:49.108Z", "object_repr": "13:45:00 - 14:30:00", "object_id": "7", "change_message": "", "user": 1, "content_type": 12}}, {"pk": 9, "model": "admin.logentry", "fields": {"action_flag": 1, "action_time": "2014-08-09T00:17:56.175Z", "object_repr": "14:30:00 - 15:15:00", "object_id": "8", "change_message": "", "user": 1, "content_type": 12}}, {"pk": 10, "model": "admin.logentry", "fields": {"action_flag": 1, "action_time": "2014-08-09T00:18:01.498Z", "object_repr": "15:15:00 - 16:00:00", "object_id": "9", "change_message": "", "user": 1, "content_type": 12}}, {"pk": 11, "model": "admin.logentry", "fields": {"action_flag": 1, "action_time": "2014-08-09T00:21:18.917Z", "object_repr": "16:00:00 - 17:30:00", "object_id": "10", "change_message": "", "user": 1, "content_type": 12}}, {"pk": 12, "model": "admin.logentry", "fields": {"action_flag": 1, "action_time": "2014-08-09T00:21:28.904Z", "object_repr": "17:30:00 - 17:50:00", "object_id": "11", "change_message": "", "user": 1, "content_type": 12}}, {"pk": 13, "model": "admin.logentry", "fields": {"action_flag": 1, "action_time": "2014-08-09T00:21:40.958Z", "object_repr": "17:50:00 - 19:00:00", "object_id": "12", "change_message": "", "user": 1, "content_type": 12}}, {"pk": 14, "model": "admin.logentry", "fields": {"action_flag": 1, "action_time": "2014-08-09T00:23:22.045Z", "object_repr": "\uc82c\ub9c8\ud640", "object_id": "1", "change_message": "", "user": 1, "content_type": 10}}, {"pk": 15, "model": "admin.logentry", "fields": {"action_flag": 1, "action_time": "2014-08-09T00:23:34.537Z", "object_repr": "\uacc4\ub2e8\uac15\uc758\uc2e4", "object_id": "2", "change_message": "", "user": 1, "content_type": 10}}, {"pk": 16, "model": "admin.logentry", "fields": {"action_flag": 1, "action_time": "2014-08-09T00:23:49.533Z", "object_repr": "\uc218\uc815\ub2f92", "object_id": "3", "change_message": "", "user": 1, "content_type": 10}}, {"pk": 17, "model": "admin.logentry", "fields": {"action_flag": 1, "action_time": "2014-08-09T00:25:32.930Z", "object_repr": "\uae40\uc2b9\uc9c4(seungjin)", "object_id": "1", "change_message": "", "user": 1, "content_type": 15}}, {"pk": 18, "model": "admin.logentry", "fields": {"action_flag": 1, "action_time": "2014-08-09T00:25:54.877Z", "object_repr": "\uad6c\uc885\ub9cc(jongman)", "object_id": "2", "change_message": "", "user": 1, "content_type": 15}}, {"pk": 19, "model": "admin.logentry", "fields": {"action_flag": 1, "action_time": "2014-08-09T00:26:44.567Z", "object_repr": "\uae40\ucc3d\ubbfc(charleskim)", "object_id": "3", "change_message": "", "user": 1, "content_type": 15}}, {"pk": 20, "model": "admin.logentry", "fields": {"action_flag": 1, "action_time": "2014-08-09T00:27:36.945Z", "object_repr": "\ud55c\uc0c1\uace4(sigmadream)", "object_id": "4", "change_message": "", "user": 1, "content_type": 15}}, {"pk": 21, "model": "admin.logentry", "fields": {"action_flag": 1, "action_time": "2014-08-09T00:27:46.076Z", "object_repr": "\uc815\ubbfc\uc601(kkung)", "object_id": "5", "change_message": "", "user": 1, "content_type": 15}}, {"pk": 22, "model": "admin.logentry", "fields": {"action_flag": 1, "action_time": "2014-08-09T00:28:01.839Z", "object_repr": "\ubc30\uc900\ud604(devunt)", "object_id": "6", "change_message": "", "user": 1, "content_type": 15}}, {"pk": 23, "model": "admin.logentry", "fields": {"action_flag": 1, "action_time": "2014-08-09T00:28:18.815Z", "object_repr": "\uc774\uc0c1\uace4(sgonv)", "object_id": "7", "change_message": "", "user": 1, "content_type": 15}}, {"pk": 24, "model": "admin.logentry", "fields": {"action_flag": 1, "action_time": "2014-08-09T00:29:02.932Z", "object_repr": "Kajiyama Ryusuke(kajiyamarusuke)", "object_id": "8", "change_message": "", "user": 1, "content_type": 15}}, {"pk": 25, "model": "admin.logentry", "fields": {"action_flag": 1, "action_time": "2014-08-09T00:29:14.722Z", "object_repr": "\ud64d\ubbfc\ud76c(hongminhee)", "object_id": "9", "change_message": "", "user": 1, "content_type": 15}}, {"pk": 26, "model": "admin.logentry", "fields": {"action_flag": 1, "action_time": "2014-08-09T00:29:31.147Z", "object_repr": "\uc11c\uc9c0\uc6d0(seojiwon)", "object_id": "10", "change_message": "", "user": 1, "content_type": 15}}, {"pk": 27, "model": "admin.logentry", "fields": {"action_flag": 1, "action_time": "2014-08-09T00:29:41.414Z", "object_repr": "\uae40\uc815\uc8fc(haje01)", "object_id": "11", "change_message": "", "user": 1, "content_type": 15}}, {"pk": 28, "model": "admin.logentry", "fields": {"action_flag": 1, "action_time": "2014-08-09T00:29:55.402Z", "object_repr": "\uae40\uacbd\ud6c8(kyunghoon)", "object_id": "12", "change_message": "", "user": 1, "content_type": 15}}, {"pk": 29, "model": "admin.logentry", "fields": {"action_flag": 1, "action_time": "2014-08-09T00:30:15.173Z", "object_repr": "\uc774\uc2b9\uc900(plusjune)", "object_id": "13", "change_message": "", "user": 1, "content_type": 15}}, {"pk": 30, "model": "admin.logentry", "fields": {"action_flag": 1, "action_time": "2014-08-09T00:30:28.443Z", "object_repr": "\uae40\ud615\uc6a9(yong27)", "object_id": "14", "change_message": "", "user": 1, "content_type": 15}}, {"pk": 31, "model": "admin.logentry", "fields": {"action_flag": 1, "action_time": "2014-08-09T00:30:38.946Z", "object_repr": "\uac15\ucca0(kang)", "object_id": "15", "change_message": "", "user": 1, "content_type": 15}}, {"pk": 32, "model": "admin.logentry", "fields": {"action_flag": 1, "action_time": "2014-08-09T00:30:57.352Z", "object_repr": "\ubc15\uc740\uc815(lucypark)", "object_id": "16", "change_message": "", "user": 1, "content_type": 15}}, {"pk": 33, "model": "admin.logentry", "fields": {"action_flag": 1, "action_time": "2014-08-09T00:31:14.057Z", "object_repr": "\uae40\ud0dc\uc6c5(oraora82)", "object_id": "17", "change_message": "", "user": 1, "content_type": 15}}, {"pk": 34, "model": "admin.logentry", "fields": {"action_flag": 1, "action_time": "2014-08-09T00:31:35.776Z", "object_repr": "\ubc15\uc900\ubc94(usingideal)", "object_id": "18", "change_message": "", "user": 1, "content_type": 15}}, {"pk": 35, "model": "admin.logentry", "fields": {"action_flag": 1, "action_time": "2014-08-09T00:31:49.051Z", "object_repr": "\uae40\uac00\uacbd(kakung.kim)", "object_id": "19", "change_message": "", "user": 1, "content_type": 15}}, {"pk": 36, "model": "admin.logentry", "fields": {"action_flag": 1, "action_time": "2014-08-09T00:32:13.398Z", "object_repr": "\uac15\ub300\uc131(daesung.kang)", "object_id": "20", "change_message": "", "user": 1, "content_type": 15}}, {"pk": 37, "model": "admin.logentry", "fields": {"action_flag": 2, "action_time": "2014-08-09T00:32:49.860Z", "object_repr": "Kajiyama Ryusuke(ryusuke.kajiyama)", "object_id": "8", "change_message": "Changed slug.", "user": 1, "content_type": 15}}, {"pk": 38, "model": "admin.logentry", "fields": {"action_flag": 1, "action_time": "2014-08-09T00:33:43.746Z", "object_repr": "Python for cloud build / management and DevOps", "object_id": "1", "change_message": "", "user": 1, "content_type": 16}}, {"pk": 39, "model": "admin.logentry", "fields": {"action_flag": 2, "action_time": "2014-08-09T00:33:57.667Z", "object_repr": "Scalable Infrastructure Build on Cloud with Python", "object_id": "1", "change_message": "Changed name and desc.", "user": 1, "content_type": 16}}, {"pk": 40, "model": "admin.logentry", "fields": {"action_flag": 1, "action_time": "2014-08-09T00:34:26.738Z", "object_repr": "\uc704\ub300\ud55c dict \uc774\ud574\ud558\uace0 \uc0ac\uc6a9\ud558\uae30", "object_id": "2", "change_message": "", "user": 1, "content_type": 16}}, {"pk": 41, "model": "admin.logentry", "fields": {"action_flag": 1, "action_time": "2014-08-09T00:35:00.549Z", "object_repr": "Dancing with Gevent", "object_id": "3", "change_message": "", "user": 1, "content_type": 16}}, {"pk": 42, "model": "admin.logentry", "fields": {"action_flag": 1, "action_time": "2014-08-09T00:35:49.004Z", "object_repr": "Python 3.4: AsyncIO", "object_id": "4", "change_message": "", "user": 1, "content_type": 16}}, {"pk": 43, "model": "admin.logentry", "fields": {"action_flag": 1, "action_time": "2014-08-09T00:36:15.409Z", "object_repr": "Python\uc73c\ub85c \ucfe0\ud0a4\ub7f0 \uc6b4\uc601\ud558\uae30", "object_id": "5", "change_message": "", "user": 1, "content_type": 16}}, {"pk": 44, "model": "admin.logentry", "fields": {"action_flag": 1, "action_time": "2014-08-09T00:37:29.014Z", "object_repr": "SociaLite: \ube45 \ub370\uc774\ud130 \ubd84\uc11d\uc744 \uc704\ud55c \ud30c\uc774\uc36c \ud1b5\ud569 \ucffc\ub9ac \uc5b8\uc5b4", "object_id": "6", "change_message": "", "user": 1, "content_type": 16}}, {"pk": 45, "model": "admin.logentry", "fields": {"action_flag": 1, "action_time": "2014-08-09T00:37:52.556Z", "object_repr": "NetworkX\ub97c \uc774\uc6a9\ud55c \ub124\ud2b8\uc6cc\ud06c \ubd84\uc11d", "object_id": "7", "change_message": "", "user": 1, "content_type": 16}}, {"pk": 46, "model": "admin.logentry", "fields": {"action_flag": 1, "action_time": "2014-08-09T00:38:24.872Z", "object_repr": "\uae08\uc735 \ub370\uc774\ud130 \uc774\ud574\uc640 \ubd84\uc11d", "object_id": "8", "change_message": "", "user": 1, "content_type": 16}}, {"pk": 47, "model": "admin.logentry", "fields": {"action_flag": 1, "action_time": "2014-08-09T00:38:55.142Z", "object_repr": "DNA \ub370\uc774\ud130\ub85c \uac00\uc871\ucc3e\uae30", "object_id": "9", "change_message": "", "user": 1, "content_type": 16}}, {"pk": 48, "model": "admin.logentry", "fields": {"action_flag": 1, "action_time": "2014-08-09T00:39:24.281Z", "object_repr": "\uc790\ubc14, \ubbf8\uc548\ud558\ub2e4! \ud30c\uc774\uc36c \ud55c\uad6d\uc5b4 NLP", "object_id": "10", "change_message": "", "user": 1, "content_type": 16}}, {"pk": 49, "model": "admin.logentry", "fields": {"action_flag": 1, "action_time": "2014-08-09T00:39:52.662Z", "object_repr": "introduction to bigdata(bigdata with 0% java)", "object_id": "11", "change_message": "", "user": 1, "content_type": 16}}, {"pk": 50, "model": "admin.logentry", "fields": {"action_flag": 1, "action_time": "2014-08-09T00:40:39.882Z", "object_repr": "Python with Cloud For Startup", "object_id": "12", "change_message": "", "user": 1, "content_type": 16}}, {"pk": 51, "model": "admin.logentry", "fields": {"action_flag": 1, "action_time": "2014-08-09T00:41:04.433Z", "object_repr": "Python\uae30\ubc18\uc758 MySQL Fabric\uc744 \uc774\uc6a9\ud55c \uc0e4\ub529 \ubc0f \ud655\uc7a5", "object_id": "13", "change_message": "", "user": 1, "content_type": 16}}, {"pk": 52, "model": "admin.logentry", "fields": {"action_flag": 1, "action_time": "2014-08-09T00:41:37.625Z", "object_repr": "IPython\uacfc Pandas\ub97c \ud65c\uc6a9\ud55c \uac8c\uc784\ub370\uc774\ud130 \ubd84\uc11d", "object_id": "14", "change_message": "", "user": 1, "content_type": 16}}, {"pk": 53, "model": "admin.logentry", "fields": {"action_flag": 1, "action_time": "2014-08-09T00:42:09.017Z", "object_repr": "30\ubd84\ub9cc\uc5d0 \ub530\ub77c\ud558\ub294 \ub3d9\uc2dc\uc131 \uc6f9 \uc2a4\ud06c\ub798\ud37c", "object_id": "15", "change_message": "", "user": 1, "content_type": 16}}, {"pk": 54, "model": "admin.logentry", "fields": {"action_flag": 1, "action_time": "2014-08-09T00:42:45.448Z", "object_repr": "\ub124\ud2b8\uc6cc\ud06c \ud558\ub4dc\uc6e8\uc5b4\uc5d0\uc11c\uc758 \ud30c\uc774\uc36c \ud65c\uc6a9\ubc29\uc548\uacfc \uc2e4\uc81c", "object_id": "16", "change_message": "", "user": 1, "content_type": 16}}, {"pk": 55, "model": "admin.logentry", "fields": {"action_flag": 1, "action_time": "2014-08-09T00:44:21.514Z", "object_repr": "Hadoop & Python", "object_id": "17", "change_message": "", "user": 1, "content_type": 16}}, {"pk": 56, "model": "admin.logentry", "fields": {"action_flag": 1, "action_time": "2014-08-09T00:44:51.439Z", "object_repr": "IPython\uc73c\ub85c \uc0c1\ud638\uc801, \uc7ac\ud604 \uac00\ub2a5\ud55c \uc0dd\ubb3c\uc815\ubcf4\ud559 \uc5f0\uad6c\ud558\uae30", "object_id": "18", "change_message": "", "user": 1, "content_type": 16}}, {"pk": 57, "model": "admin.logentry", "fields": {"action_flag": 1, "action_time": "2014-08-09T00:45:08.280Z", "object_repr": "\uad6d\ubbfc\ub0b4\ube44 \uae40\uae30\uc0ac\uc640 Python", "object_id": "19", "change_message": "", "user": 1, "content_type": 16}}, {"pk": 58, "model": "admin.logentry", "fields": {"action_flag": 1, "action_time": "2014-08-09T00:50:47.066Z", "object_repr": "\ub2e4\uc774\uc544\ubaac\ub4dc", "object_id": "1", "change_message": "", "user": 1, "content_type": 13}}, {"pk": 59, "model": "admin.logentry", "fields": {"action_flag": 1, "action_time": "2014-08-09T00:51:00.779Z", "object_repr": "\ud50c\ub798\ud2f0\ub118", "object_id": "2", "change_message": "", "user": 1, "content_type": 13}}, {"pk": 60, "model": "admin.logentry", "fields": {"action_flag": 1, "action_time": "2014-08-09T00:51:12.983Z", "object_repr": "\uace8\ub4dc", "object_id": "3", "change_message": "", "user": 1, "content_type": 13}}, {"pk": 61, "model": "admin.logentry", "fields": {"action_flag": 1, "action_time": "2014-08-09T00:51:24.436Z", "object_repr": "\uc2e4\ubc84", "object_id": "4", "change_message": "", "user": 1, "content_type": 13}}, {"pk": 62, "model": "admin.logentry", "fields": {"action_flag": 1, "action_time": "2014-08-09T00:51:38.701Z", "object_repr": "\uac1c\uc778 \ubc0f \uc2a4\ud0c0\ud2b8\uc5c5 \ud6c4\uc6d0", "object_id": "5", "change_message": "", "user": 1, "content_type": 13}}, {"pk": 63, "model": "admin.logentry", "fields": {"action_flag": 1, "action_time": "2014-08-09T00:56:46.636Z", "object_repr": "\uad6c\uae00", "object_id": "1", "change_message": "", "user": 1, "content_type": 14}}, {"pk": 64, "model": "admin.logentry", "fields": {"action_flag": 2, "action_time": "2014-08-09T00:57:27.923Z", "object_repr": "Kajiyama Ryusuke(ryusuke-kajiyama)", "object_id": "8", "change_message": "Changed slug.", "user": 1, "content_type": 15}}, {"pk": 65, "model": "admin.logentry", "fields": {"action_flag": 2, "action_time": "2014-08-09T00:57:33.337Z", "object_repr": "\uae40\uac00\uacbd(kakung-kim)", "object_id": "19", "change_message": "Changed slug.", "user": 1, "content_type": 15}}, {"pk": 66, "model": "admin.logentry", "fields": {"action_flag": 2, "action_time": "2014-08-09T00:57:38.389Z", "object_repr": "\uac15\ub300\uc131(daesung-kang)", "object_id": "20", "change_message": "Changed slug.", "user": 1, "content_type": 15}}, {"pk": 67, "model": "admin.logentry", "fields": {"action_flag": 2, "action_time": "2014-08-09T00:57:52.692Z", "object_repr": "Kajiyama Ryusuke(ryusuke_kajiyama)", "object_id": "8", "change_message": "Changed slug.", "user": 1, "content_type": 15}}, {"pk": 68, "model": "admin.logentry", "fields": {"action_flag": 2, "action_time": "2014-08-09T00:57:57.616Z", "object_repr": "\uac15\ub300\uc131(daesung_kang)", "object_id": "20", "change_message": "Changed slug.", "user": 1, "content_type": 15}}, {"pk": 69, "model": "admin.logentry", "fields": {"action_flag": 2, "action_time": "2014-08-09T00:58:06.856Z", "object_repr": "\uae40\uac00\uacbd(kakung_kim)", "object_id": "19", "change_message": "Changed slug.", "user": 1, "content_type": 15}}, {"pk": 70, "model": "admin.logentry", "fields": {"action_flag": 2, "action_time": "2014-08-09T00:59:42.117Z", "object_repr": "\uad6c\uae00", "object_id": "1", "change_message": "Changed image.", "user": 1, "content_type": 14}}, {"pk": 71, "model": "admin.logentry", "fields": {"action_flag": 2, "action_time": "2014-08-09T01:00:22.265Z", "object_repr": "\uad6c\uae00", "object_id": "1", "change_message": "Changed image.", "user": 1, "content_type": 14}}, {"pk": 72, "model": "admin.logentry", "fields": {"action_flag": 1, "action_time": "2014-08-09T01:08:07.348Z", "object_repr": "\ud30c\uc774\uc36c \ucf54\ub9ac\uc544\ub97c \uac1c\ucd5c\ud569\ub2c8\ub2e4", "object_id": "1", "change_message": "", "user": 1, "content_type": 18}}, {"pk": 73, "model": "admin.logentry", "fields": {"action_flag": 2, "action_time": "2014-08-09T07:32:25.458Z", "object_repr": "09:00:00 - 10:00:00", "object_id": "1", "change_message": "Changed name.", "user": 1, "content_type": 12}}, {"pk": 74, "model": "admin.logentry", "fields": {"action_flag": 2, "action_time": "2014-08-09T07:32:25.461Z", "object_repr": "10:00:00 - 10:15:00", "object_id": "2", "change_message": "Changed name.", "user": 1, "content_type": 12}}, {"pk": 75, "model": "admin.logentry", "fields": {"action_flag": 2, "action_time": "2014-08-09T07:32:25.463Z", "object_repr": "10:15:00 - 11:00:00", "object_id": "3", "change_message": "Changed name.", "user": 1, "content_type": 12}}, {"pk": 76, "model": "admin.logentry", "fields": {"action_flag": 2, "action_time": "2014-08-09T07:32:25.465Z", "object_repr": "11:00:00 - 11:45:00", "object_id": "4", "change_message": "Changed name.", "user": 1, "content_type": 12}}, {"pk": 77, "model": "admin.logentry", "fields": {"action_flag": 2, "action_time": "2014-08-09T07:32:25.468Z", "object_repr": "11:45:00 - 12:30:00", "object_id": "5", "change_message": "Changed name.", "user": 1, "content_type": 12}}, {"pk": 78, "model": "admin.logentry", "fields": {"action_flag": 2, "action_time": "2014-08-09T07:32:25.470Z", "object_repr": "12:30:00 - 13:45:00", "object_id": "6", "change_message": "Changed name.", "user": 1, "content_type": 12}}, {"pk": 79, "model": "admin.logentry", "fields": {"action_flag": 2, "action_time": "2014-08-09T07:32:25.472Z", "object_repr": "13:45:00 - 14:30:00", "object_id": "7", "change_message": "Changed name.", "user": 1, "content_type": 12}}, {"pk": 80, "model": "admin.logentry", "fields": {"action_flag": 2, "action_time": "2014-08-09T07:32:25.475Z", "object_repr": "14:30:00 - 15:15:00", "object_id": "8", "change_message": "Changed name.", "user": 1, "content_type": 12}}, {"pk": 81, "model": "admin.logentry", "fields": {"action_flag": 2, "action_time": "2014-08-09T07:32:25.477Z", "object_repr": "15:15:00 - 16:00:00", "object_id": "9", "change_message": "Changed name.", "user": 1, "content_type": 12}}, {"pk": 82, "model": "admin.logentry", "fields": {"action_flag": 2, "action_time": "2014-08-09T07:32:25.480Z", "object_repr": "16:00:00 - 17:30:00", "object_id": "10", "change_message": "Changed name.", "user": 1, "content_type": 12}}, {"pk": 83, "model": "admin.logentry", "fields": {"action_flag": 2, "action_time": "2014-08-09T07:32:25.482Z", "object_repr": "17:30:00 - 17:50:00", "object_id": "11", "change_message": "Changed name.", "user": 1, "content_type": 12}}, {"pk": 84, "model": "admin.logentry", "fields": {"action_flag": 2, "action_time": "2014-08-09T07:32:25.484Z", "object_repr": "17:50:00 - 19:00:00", "object_id": "12", "change_message": "Changed name.", "user": 1, "content_type": 12}}, {"pk": 85, "model": "admin.logentry", "fields": {"action_flag": 2, "action_time": "2014-08-09T07:34:18.609Z", "object_repr": "\uac1c\uc778 \ubc0f \uc2a4\ud0c0\ud2b8\uc5c5 \ud6c4\uc6d0", "object_id": "5", "change_message": "Changed order.", "user": 1, "content_type": 13}}, {"pk": 86, "model": "admin.logentry", "fields": {"action_flag": 2, "action_time": "2014-08-09T07:34:18.612Z", "object_repr": "\uc2e4\ubc84", "object_id": "4", "change_message": "Changed order.", "user": 1, "content_type": 13}}, {"pk": 87, "model": "admin.logentry", "fields": {"action_flag": 2, "action_time": "2014-08-09T07:34:18.615Z", "object_repr": "\uace8\ub4dc", "object_id": "3", "change_message": "Changed order.", "user": 1, "content_type": 13}}, {"pk": 88, "model": "admin.logentry", "fields": {"action_flag": 2, "action_time": "2014-08-09T07:34:18.618Z", "object_repr": "\ud50c\ub798\ud2f0\ub118", "object_id": "2", "change_message": "Changed order.", "user": 1, "content_type": 13}}, {"pk": 89, "model": "admin.logentry", "fields": {"action_flag": 1, "action_time": "2014-08-09T07:42:18.199Z", "object_repr": "GDG", "object_id": "1", "change_message": "", "user": 1, "content_type": 20}}, {"pk": 90, "model": "admin.logentry", "fields": {"action_flag": 1, "action_time": "2014-08-09T08:14:33.959Z", "object_repr": "\uc2a4\ub9c8\ud2b8\uc2a4\ud130\ub514", "object_id": "2", "change_message": "", "user": 1, "content_type": 14}}, {"pk": 91, "model": "admin.logentry", "fields": {"action_flag": 1, "action_time": "2014-08-09T08:14:48.477Z", "object_repr": "\uc694\uae30\uc694", "object_id": "3", "change_message": "", "user": 1, "content_type": 14}}, {"pk": 92, "model": "admin.logentry", "fields": {"action_flag": 1, "action_time": "2014-08-09T08:15:06.510Z", "object_repr": "NAVER D2", "object_id": "4", "change_message": "", "user": 1, "content_type": 14}}, {"pk": 93, "model": "admin.logentry", "fields": {"action_flag": 1, "action_time": "2014-08-09T08:28:10.682Z", "object_repr": "/about/pyconkr/ -- \ud30c\uc774\uc36c \ucf54\ub9ac\uc544\uc5d0 \ub300\ud574", "object_id": "1", "change_message": "", "user": 1, "content_type": 8}}, {"pk": 94, "model": "admin.logentry", "fields": {"action_flag": 2, "action_time": "2014-08-09T08:28:39.471Z", "object_repr": "/about/pyconkr/ -- \ud30c\uc774\uc36c \ucf54\ub9ac\uc544\uc5d0 \ub300\ud558\uc5ec", "object_id": "1", "change_message": "Changed title and content.", "user": 1, "content_type": 8}}, {"pk": 95, "model": "admin.logentry", "fields": {"action_flag": 1, "action_time": "2014-08-09T08:29:03.150Z", "object_repr": "/about/detail/ -- \ud30c\uc774\uc36c \ucf54\ub9ac\uc544\uc5d0 \ub300\ud55c \uc790\uc138\ud55c \uc124\uba85", "object_id": "2", "change_message": "", "user": 1, "content_type": 8}}, {"pk": 96, "model": "admin.logentry", "fields": {"action_flag": 2, "action_time": "2014-08-09T08:29:20.556Z", "object_repr": "pycon.kr", "object_id": "1", "change_message": "Changed domain and name.", "user": 1, "content_type": 7}}, {"pk": 97, "model": "admin.logentry", "fields": {"action_flag": 1, "action_time": "2014-08-09T08:29:45.832Z", "object_repr": "/about/staff/ -- \ud30c\uc774\uc36c \ucf54\ub9ac\uc544 \uc2a4\ud0dc\ud504 \uc815\ubcf4", "object_id": "3", "change_message": "", "user": 1, "content_type": 8}}, {"pk": 98, "model": "admin.logentry", "fields": {"action_flag": 1, "action_time": "2014-08-09T08:30:25.504Z", "object_repr": "/program/cfp/ -- \ud30c\uc774\uc36c \ucf54\ub9ac\uc544 \ubc1c\ud45c\uc790 \ubaa8\uc9d1 \uc548\ub0b4", "object_id": "4", "change_message": "", "user": 1, "content_type": 8}}, {"pk": 99, "model": "admin.logentry", "fields": {"action_flag": 2, "action_time": "2014-08-09T08:30:39.155Z", "object_repr": "/programs/cfp/ -- \ud30c\uc774\uc36c \ucf54\ub9ac\uc544 \ubc1c\ud45c\uc790 \ubaa8\uc9d1 \uc548\ub0b4", "object_id": "4", "change_message": "Changed url.", "user": 1, "content_type": 8}}, {"pk": 100, "model": "admin.logentry", "fields": {"action_flag": 1, "action_time": "2014-08-09T08:31:00.892Z", "object_repr": "/programs/bof/ -- \ud30c\uc774\uc36c \ucf54\ub9ac\uc544 BOF \uc548\ub0b4", "object_id": "5", "change_message": "", "user": 1, "content_type": 8}}, {"pk": 101, "model": "admin.logentry", "fields": {"action_flag": 1, "action_time": "2014-08-09T08:31:26.489Z", "object_repr": "/registration/ -- \ud30c\uc774\uc36c \ucf54\ub9ac\uc544 \ub4f1\ub85d \uc548\ub0b4", "object_id": "6", "change_message": "", "user": 1, "content_type": 8}}, {"pk": 102, "model": "admin.logentry", "fields": {"action_flag": 1, "action_time": "2014-08-09T08:31:42.664Z", "object_repr": "/venue/ -- \ud30c\uc774\uc36c \ucf54\ub9ac\uc544 \uc7a5\uc18c \uc548\ub0b4", "object_id": "7", "change_message": "", "user": 1, "content_type": 8}}, {"pk": 103, "model": "admin.logentry", "fields": {"action_flag": 1, "action_time": "2014-08-09T08:31:57.934Z", "object_repr": "/contact/ -- \ud30c\uc774\uc36c \ucf54\ub9ac\uc544 \uc5f0\ub77d\ucc98", "object_id": "8", "change_message": "", "user": 1, "content_type": 8}}, {"pk": 104, "model": "admin.logentry", "fields": {"action_flag": 1, "action_time": "2014-08-09T08:36:52.439Z", "object_repr": "General", "object_id": "1", "change_message": "", "user": 1, "content_type": 19}}, {"pk": 105, "model": "admin.logentry", "fields": {"action_flag": 1, "action_time": "2014-08-09T08:36:59.601Z", "object_repr": "Data / Bio", "object_id": "2", "change_message": "", "user": 1, "content_type": 19}}, {"pk": 106, "model": "admin.logentry", "fields": {"action_flag": 1, "action_time": "2014-08-09T08:37:02.610Z", "object_repr": "Application", "object_id": "3", "change_message": "", "user": 1, "content_type": 19}}, {"pk": 107, "model": "admin.logentry", "fields": {"action_flag": 1, "action_time": "2014-08-09T08:38:09.641Z", "object_repr": "Lightning talk", "object_id": "4", "change_message": "", "user": 1, "content_type": 19}}, {"pk": 108, "model": "admin.logentry", "fields": {"action_flag": 2, "action_time": "2014-08-09T08:39:05.787Z", "object_repr": "Scalable Infrastructure Build on Cloud with Python", "object_id": "1", "change_message": "Changed category.", "user": 1, "content_type": 16}}, {"pk": 109, "model": "admin.logentry", "fields": {"action_flag": 2, "action_time": "2014-08-09T08:39:05.790Z", "object_repr": "\uc704\ub300\ud55c dict \uc774\ud574\ud558\uace0 \uc0ac\uc6a9\ud558\uae30", "object_id": "2", "change_message": "Changed category.", "user": 1, "content_type": 16}}, {"pk": 110, "model": "admin.logentry", "fields": {"action_flag": 2, "action_time": "2014-08-09T08:39:05.792Z", "object_repr": "Dancing with Gevent", "object_id": "3", "change_message": "Changed category.", "user": 1, "content_type": 16}}, {"pk": 111, "model": "admin.logentry", "fields": {"action_flag": 2, "action_time": "2014-08-09T08:39:05.795Z", "object_repr": "Python 3.4: AsyncIO", "object_id": "4", "change_message": "Changed category.", "user": 1, "content_type": 16}}, {"pk": 112, "model": "admin.logentry", "fields": {"action_flag": 2, "action_time": "2014-08-09T08:39:05.798Z", "object_repr": "Python\uc73c\ub85c \ucfe0\ud0a4\ub7f0 \uc6b4\uc601\ud558\uae30", "object_id": "5", "change_message": "Changed category.", "user": 1, "content_type": 16}}, {"pk": 113, "model": "admin.logentry", "fields": {"action_flag": 2, "action_time": "2014-08-09T08:39:05.801Z", "object_repr": "Hadoop & Python", "object_id": "17", "change_message": "Changed category.", "user": 1, "content_type": 16}}, {"pk": 114, "model": "admin.logentry", "fields": {"action_flag": 2, "action_time": "2014-08-09T08:39:05.805Z", "object_repr": "IPython\uc73c\ub85c \uc0c1\ud638\uc801, \uc7ac\ud604 \uac00\ub2a5\ud55c \uc0dd\ubb3c\uc815\ubcf4\ud559 \uc5f0\uad6c\ud558\uae30", "object_id": "18", "change_message": "Changed category.", "user": 1, "content_type": 16}}, {"pk": 115, "model": "admin.logentry", "fields": {"action_flag": 2, "action_time": "2014-08-09T08:39:05.808Z", "object_repr": "\uad6d\ubbfc\ub0b4\ube44 \uae40\uae30\uc0ac\uc640 Python", "object_id": "19", "change_message": "Changed category.", "user": 1, "content_type": 16}}, {"pk": 116, "model": "admin.logentry", "fields": {"action_flag": 2, "action_time": "2014-08-09T08:39:05.812Z", "object_repr": "SociaLite: \ube45 \ub370\uc774\ud130 \ubd84\uc11d\uc744 \uc704\ud55c \ud30c\uc774\uc36c \ud1b5\ud569 \ucffc\ub9ac \uc5b8\uc5b4", "object_id": "6", "change_message": "Changed category.", "user": 1, "content_type": 16}}, {"pk": 117, "model": "admin.logentry", "fields": {"action_flag": 2, "action_time": "2014-08-09T08:39:05.816Z", "object_repr": "NetworkX\ub97c \uc774\uc6a9\ud55c \ub124\ud2b8\uc6cc\ud06c \ubd84\uc11d", "object_id": "7", "change_message": "Changed category.", "user": 1, "content_type": 16}}, {"pk": 118, "model": "admin.logentry", "fields": {"action_flag": 2, "action_time": "2014-08-09T08:39:05.819Z", "object_repr": "\uae08\uc735 \ub370\uc774\ud130 \uc774\ud574\uc640 \ubd84\uc11d", "object_id": "8", "change_message": "Changed category.", "user": 1, "content_type": 16}}, {"pk": 119, "model": "admin.logentry", "fields": {"action_flag": 2, "action_time": "2014-08-09T08:39:05.823Z", "object_repr": "DNA \ub370\uc774\ud130\ub85c \uac00\uc871\ucc3e\uae30", "object_id": "9", "change_message": "Changed category.", "user": 1, "content_type": 16}}, {"pk": 120, "model": "admin.logentry", "fields": {"action_flag": 2, "action_time": "2014-08-09T08:39:05.827Z", "object_repr": "\uc790\ubc14, \ubbf8\uc548\ud558\ub2e4! \ud30c\uc774\uc36c \ud55c\uad6d\uc5b4 NLP", "object_id": "10", "change_message": "Changed category.", "user": 1, "content_type": 16}}, {"pk": 121, "model": "admin.logentry", "fields": {"action_flag": 2, "action_time": "2014-08-09T08:39:05.830Z", "object_repr": "Introduction to Bigdata with 0% Java", "object_id": "11", "change_message": "Changed name and category.", "user": 1, "content_type": 16}}, {"pk": 122, "model": "admin.logentry", "fields": {"action_flag": 2, "action_time": "2014-08-09T08:39:05.834Z", "object_repr": "Python with Cloud For Startup", "object_id": "12", "change_message": "Changed category.", "user": 1, "content_type": 16}}, {"pk": 123, "model": "admin.logentry", "fields": {"action_flag": 2, "action_time": "2014-08-09T08:39:05.837Z", "object_repr": "Python\uae30\ubc18\uc758 MySQL Fabric\uc744 \uc774\uc6a9\ud55c \uc0e4\ub529 \ubc0f \ud655\uc7a5", "object_id": "13", "change_message": "Changed category.", "user": 1, "content_type": 16}}, {"pk": 124, "model": "admin.logentry", "fields": {"action_flag": 2, "action_time": "2014-08-09T08:39:05.841Z", "object_repr": "IPython\uacfc Pandas\ub97c \ud65c\uc6a9\ud55c \uac8c\uc784\ub370\uc774\ud130 \ubd84\uc11d", "object_id": "14", "change_message": "Changed category.", "user": 1, "content_type": 16}}, {"pk": 125, "model": "admin.logentry", "fields": {"action_flag": 2, "action_time": "2014-08-09T08:39:05.844Z", "object_repr": "30\ubd84\ub9cc\uc5d0 \ub530\ub77c\ud558\ub294 \ub3d9\uc2dc\uc131 \uc6f9 \uc2a4\ud06c\ub798\ud37c", "object_id": "15", "change_message": "Changed category.", "user": 1, "content_type": 16}}, {"pk": 126, "model": "admin.logentry", "fields": {"action_flag": 2, "action_time": "2014-08-09T08:39:05.848Z", "object_repr": "\ub124\ud2b8\uc6cc\ud06c \ud558\ub4dc\uc6e8\uc5b4\uc5d0\uc11c\uc758 \ud30c\uc774\uc36c \ud65c\uc6a9\ubc29\uc548\uacfc \uc2e4\uc81c", "object_id": "16", "change_message": "Changed category.", "user": 1, "content_type": 16}}, {"pk": 127, "model": "admin.logentry", "fields": {"action_flag": 1, "action_time": "2014-08-09T08:59:54.997Z", "object_repr": "\ubc30\uad8c\ud55c(darjeeling)", "object_id": "21", "change_message": "", "user": 1, "content_type": 15}}, {"pk": 128, "model": "admin.logentry", "fields": {"action_flag": 1, "action_time": "2014-08-09T09:01:06.073Z", "object_repr": "(hidden)", "object_id": "5", "change_message": "", "user": 1, "content_type": 19}}, {"pk": 129, "model": "admin.logentry", "fields": {"action_flag": 1, "action_time": "2014-08-09T09:01:07.567Z", "object_repr": "\uac1c\ud68c\uc0ac", "object_id": "20", "change_message": "", "user": 1, "content_type": 16}}, {"pk": 130, "model": "admin.logentry", "fields": {"action_flag": 2, "action_time": "2014-08-09T09:05:23.960Z", "object_repr": "Scalable Infrastructure Build on Cloud with Python", "object_id": "1", "change_message": "Changed rooms.", "user": 1, "content_type": 16}}, {"pk": 131, "model": "admin.logentry", "fields": {"action_flag": 2, "action_time": "2014-08-09T09:05:31.896Z", "object_repr": "\uc704\ub300\ud55c dict \uc774\ud574\ud558\uace0 \uc0ac\uc6a9\ud558\uae30", "object_id": "2", "change_message": "Changed rooms.", "user": 1, "content_type": 16}}, {"pk": 132, "model": "admin.logentry", "fields": {"action_flag": 2, "action_time": "2014-08-09T09:05:43.448Z", "object_repr": "Dancing with Gevent", "object_id": "3", "change_message": "Changed rooms.", "user": 1, "content_type": 16}}, {"pk": 133, "model": "admin.logentry", "fields": {"action_flag": 2, "action_time": "2014-08-09T09:05:51.773Z", "object_repr": "Python 3.4: AsyncIO", "object_id": "4", "change_message": "Changed rooms.", "user": 1, "content_type": 16}}, {"pk": 134, "model": "admin.logentry", "fields": {"action_flag": 2, "action_time": "2014-08-09T09:06:02.173Z", "object_repr": "Python\uc73c\ub85c \ucfe0\ud0a4\ub7f0 \uc6b4\uc601\ud558\uae30", "object_id": "5", "change_message": "Changed rooms.", "user": 1, "content_type": 16}}, {"pk": 135, "model": "admin.logentry", "fields": {"action_flag": 2, "action_time": "2014-08-09T09:06:11.206Z", "object_repr": "SociaLite: \ube45 \ub370\uc774\ud130 \ubd84\uc11d\uc744 \uc704\ud55c \ud30c\uc774\uc36c \ud1b5\ud569 \ucffc\ub9ac \uc5b8\uc5b4", "object_id": "6", "change_message": "Changed rooms.", "user": 1, "content_type": 16}}, {"pk": 136, "model": "admin.logentry", "fields": {"action_flag": 2, "action_time": "2014-08-09T09:06:17.805Z", "object_repr": "NetworkX\ub97c \uc774\uc6a9\ud55c \ub124\ud2b8\uc6cc\ud06c \ubd84\uc11d", "object_id": "7", "change_message": "Changed rooms.", "user": 1, "content_type": 16}}, {"pk": 137, "model": "admin.logentry", "fields": {"action_flag": 2, "action_time": "2014-08-09T09:06:24.790Z", "object_repr": "\uae08\uc735 \ub370\uc774\ud130 \uc774\ud574\uc640 \ubd84\uc11d", "object_id": "8", "change_message": "Changed rooms.", "user": 1, "content_type": 16}}, {"pk": 138, "model": "admin.logentry", "fields": {"action_flag": 2, "action_time": "2014-08-09T09:06:31.912Z", "object_repr": "DNA \ub370\uc774\ud130\ub85c \uac00\uc871\ucc3e\uae30", "object_id": "9", "change_message": "Changed rooms.", "user": 1, "content_type": 16}}, {"pk": 139, "model": "admin.logentry", "fields": {"action_flag": 2, "action_time": "2014-08-09T09:06:37.864Z", "object_repr": "\uc790\ubc14, \ubbf8\uc548\ud558\ub2e4! \ud30c\uc774\uc36c \ud55c\uad6d\uc5b4 NLP", "object_id": "10", "change_message": "Changed rooms.", "user": 1, "content_type": 16}}, {"pk": 140, "model": "admin.logentry", "fields": {"action_flag": 2, "action_time": "2014-08-09T09:06:47.530Z", "object_repr": "Introduction to Bigdata with 0% Java", "object_id": "11", "change_message": "Changed rooms.", "user": 1, "content_type": 16}}, {"pk": 141, "model": "admin.logentry", "fields": {"action_flag": 2, "action_time": "2014-08-09T09:06:55.616Z", "object_repr": "Python with Cloud For Startup", "object_id": "12", "change_message": "Changed rooms.", "user": 1, "content_type": 16}}, {"pk": 142, "model": "admin.logentry", "fields": {"action_flag": 2, "action_time": "2014-08-09T09:07:07.420Z", "object_repr": "Python\uae30\ubc18\uc758 MySQL Fabric\uc744 \uc774\uc6a9\ud55c \uc0e4\ub529 \ubc0f \ud655\uc7a5", "object_id": "13", "change_message": "Changed rooms.", "user": 1, "content_type": 16}}, {"pk": 143, "model": "admin.logentry", "fields": {"action_flag": 2, "action_time": "2014-08-09T09:07:11.606Z", "object_repr": "IPython\uacfc Pandas\ub97c \ud65c\uc6a9\ud55c \uac8c\uc784\ub370\uc774\ud130 \ubd84\uc11d", "object_id": "14", "change_message": "Changed rooms.", "user": 1, "content_type": 16}}, {"pk": 144, "model": "admin.logentry", "fields": {"action_flag": 2, "action_time": "2014-08-09T09:07:15.246Z", "object_repr": "30\ubd84\ub9cc\uc5d0 \ub530\ub77c\ud558\ub294 \ub3d9\uc2dc\uc131 \uc6f9 \uc2a4\ud06c\ub798\ud37c", "object_id": "15", "change_message": "Changed rooms.", "user": 1, "content_type": 16}}, {"pk": 145, "model": "admin.logentry", "fields": {"action_flag": 2, "action_time": "2014-08-09T09:07:19.621Z", "object_repr": "\ub124\ud2b8\uc6cc\ud06c \ud558\ub4dc\uc6e8\uc5b4\uc5d0\uc11c\uc758 \ud30c\uc774\uc36c \ud65c\uc6a9\ubc29\uc548\uacfc \uc2e4\uc81c", "object_id": "16", "change_message": "Changed rooms.", "user": 1, "content_type": 16}}, {"pk": 146, "model": "admin.logentry", "fields": {"action_flag": 2, "action_time": "2014-08-09T09:07:29.569Z", "object_repr": "\uac1c\ud68c\uc0ac", "object_id": "20", "change_message": "Changed rooms.", "user": 1, "content_type": 16}}, {"pk": 147, "model": "admin.logentry", "fields": {"action_flag": 2, "action_time": "2014-08-09T09:07:39.143Z", "object_repr": "Hadoop & Python", "object_id": "17", "change_message": "Changed rooms.", "user": 1, "content_type": 16}}, {"pk": 148, "model": "admin.logentry", "fields": {"action_flag": 2, "action_time": "2014-08-09T09:07:43.325Z", "object_repr": "IPython\uc73c\ub85c \uc0c1\ud638\uc801, \uc7ac\ud604 \uac00\ub2a5\ud55c \uc0dd\ubb3c\uc815\ubcf4\ud559 \uc5f0\uad6c\ud558\uae30", "object_id": "18", "change_message": "Changed rooms.", "user": 1, "content_type": 16}}, {"pk": 149, "model": "admin.logentry", "fields": {"action_flag": 2, "action_time": "2014-08-09T09:08:28.584Z", "object_repr": "Hadoop & Python", "object_id": "17", "change_message": "Changed rooms.", "user": 1, "content_type": 16}}, {"pk": 150, "model": "admin.logentry", "fields": {"action_flag": 2, "action_time": "2014-08-09T09:08:35.497Z", "object_repr": "IPython\uc73c\ub85c \uc0c1\ud638\uc801, \uc7ac\ud604 \uac00\ub2a5\ud55c \uc0dd\ubb3c\uc815\ubcf4\ud559 \uc5f0\uad6c\ud558\uae30", "object_id": "18", "change_message": "Changed rooms.", "user": 1, "content_type": 16}}, {"pk": 151, "model": "admin.logentry", "fields": {"action_flag": 2, "action_time": "2014-08-09T09:11:53.956Z", "object_repr": "Lightning talk", "object_id": "4", "change_message": "Changed visible.", "user": 1, "content_type": 19}}, {"pk": 152, "model": "admin.logentry", "fields": {"action_flag": 2, "action_time": "2014-08-09T09:11:53.958Z", "object_repr": "Application", "object_id": "3", "change_message": "Changed visible.", "user": 1, "content_type": 19}}, {"pk": 153, "model": "admin.logentry", "fields": {"action_flag": 2, "action_time": "2014-08-09T09:11:53.961Z", "object_repr": "Data / Bio", "object_id": "2", "change_message": "Changed visible.", "user": 1, "content_type": 19}}, {"pk": 154, "model": "admin.logentry", "fields": {"action_flag": 2, "action_time": "2014-08-09T09:11:53.964Z", "object_repr": "General", "object_id": "1", "change_message": "Changed visible.", "user": 1, "content_type": 19}}, {"pk": 155, "model": "admin.logentry", "fields": {"action_flag": 1, "action_time": "2014-08-09T09:18:38.516Z", "object_repr": "\ucc38\uac00\uc790 \ub4f1\ub85d", "object_id": "21", "change_message": "", "user": 1, "content_type": 16}}, {"pk": 156, "model": "admin.logentry", "fields": {"action_flag": 2, "action_time": "2014-08-09T09:18:43.509Z", "object_repr": "\uac1c\ud68c\uc0ac", "object_id": "20", "change_message": "Changed category.", "user": 1, "content_type": 16}}, {"pk": 157, "model": "admin.logentry", "fields": {"action_flag": 1, "action_time": "2014-08-09T09:20:07.128Z", "object_repr": "Lightning talk", "object_id": "22", "change_message": "", "user": 1, "content_type": 16}}, {"pk": 158, "model": "admin.logentry", "fields": {"action_flag": 1, "action_time": "2014-08-09T09:20:31.372Z", "object_repr": "\ud3d0\ud68c\uc0ac", "object_id": "23", "change_message": "", "user": 1, "content_type": 16}}, {"pk": 159, "model": "admin.logentry", "fields": {"action_flag": 1, "action_time": "2014-08-09T09:20:51.102Z", "object_repr": "BOF", "object_id": "24", "change_message": "", "user": 1, "content_type": 16}}, {"pk": 160, "model": "admin.logentry", "fields": {"action_flag": 3, "action_time": "2014-08-10T17:18:13.653Z", "object_repr": "(hidden)", "object_id": "5", "change_message": "", "user": 1, "content_type": 19}}, {"pk": 161, "model": "admin.logentry", "fields": {"action_flag": 2, "action_time": "2014-08-10T20:56:20.379Z", "object_repr": "/about/pyconkr/ -- \ud30c\uc774\uc36c \ucf54\ub9ac\uc544\uc5d0 \ub300\ud558\uc5ec", "object_id": "1", "change_message": "Changed content.", "user": 1, "content_type": 8}}, {"pk": 162, "model": "admin.logentry", "fields": {"action_flag": 2, "action_time": "2014-08-10T20:57:48.779Z", "object_repr": "/about/detail/ -- \ud30c\uc774\ucf58 \ud55c\uad6d 2014 \uc815\ubcf4", "object_id": "2", "change_message": "Changed title and content.", "user": 1, "content_type": 8}}, {"pk": 163, "model": "admin.logentry", "fields": {"action_flag": 2, "action_time": "2014-08-10T20:58:16.320Z", "object_repr": "/about/pyconkr/ -- \ud30c\uc774\ucf58 \ud55c\uad6d 2014\uc5d0 \ub300\ud558\uc5ec", "object_id": "1", "change_message": "Changed title and content.", "user": 1, "content_type": 8}}, {"pk": 164, "model": "admin.logentry", "fields": {"action_flag": 2, "action_time": "2014-08-10T20:58:53.700Z", "object_repr": "/about/detail/ -- \ud30c\uc774\ucf58 \ud55c\uad6d 2014 \uc815\ubcf4\ud589\uc0ac \uc0c1\uc138 \uc815\ubcf4", "object_id": "2", "change_message": "Changed title and content.", "user": 1, "content_type": 8}}, {"pk": 165, "model": "admin.logentry", "fields": {"action_flag": 2, "action_time": "2014-08-10T20:59:21.535Z", "object_repr": "/about/staff/ -- \ud30c\uc774\ucf58 \ud55c\uad6d 2014 \uc2a4\ud0dc\ud504 \uc815\ubcf4", "object_id": "3", "change_message": "Changed title and content.", "user": 1, "content_type": 8}}, {"pk": 166, "model": "admin.logentry", "fields": {"action_flag": 2, "action_time": "2014-08-10T20:59:37.501Z", "object_repr": "/contact/ -- \uc5f0\ub77d\ucc98", "object_id": "8", "change_message": "Changed title and content.", "user": 1, "content_type": 8}}, {"pk": 167, "model": "admin.logentry", "fields": {"action_flag": 2, "action_time": "2014-08-10T21:04:35.899Z", "object_repr": "/programs/bof/ -- BOF \uc548\ub0b4", "object_id": "5", "change_message": "Changed title and content.", "user": 1, "content_type": 8}}, {"pk": 168, "model": "admin.logentry", "fields": {"action_flag": 2, "action_time": "2014-08-10T21:06:03.737Z", "object_repr": "/programs/bof/ -- BOF \uc548\ub0b4", "object_id": "5", "change_message": "Changed content.", "user": 1, "content_type": 8}}, {"pk": 169, "model": "admin.logentry", "fields": {"action_flag": 2, "action_time": "2014-08-10T21:06:37.495Z", "object_repr": "/venue/ -- \uc7a5\uc18c \uc548\ub0b4", "object_id": "7", "change_message": "Changed title and content.", "user": 1, "content_type": 8}}, {"pk": 170, "model": "admin.logentry", "fields": {"action_flag": 2, "action_time": "2014-08-10T21:06:59.414Z", "object_repr": "/registration/ -- \ub4f1\ub85d \ubc0f \uc785\uc7a5", "object_id": "6", "change_message": "Changed title and content.", "user": 1, "content_type": 8}}, {"pk": 171, "model": "admin.logentry", "fields": {"action_flag": 2, "action_time": "2014-08-10T21:07:10.598Z", "object_repr": "/programs/cfp/ -- \ubc1c\ud45c\uc790 \ubaa8\uc9d1 \uc548\ub0b4", "object_id": "4", "change_message": "Changed title and content.", "user": 1, "content_type": 8}}, {"pk": 172, "model": "admin.logentry", "fields": {"action_flag": 2, "action_time": "2014-08-10T21:07:38.200Z", "object_repr": "/programs/cfp/ -- \ubc1c\ud45c\uc790 \ubaa8\uc9d1", "object_id": "4", "change_message": "Changed title and content.", "user": 1, "content_type": 8}}, {"pk": 173, "model": "admin.logentry", "fields": {"action_flag": 2, "action_time": "2014-08-10T21:10:00.042Z", "object_repr": "/contact/ -- \uc5f0\ub77d\ucc98", "object_id": "8", "change_message": "Changed content.", "user": 1, "content_type": 8}}, {"pk": 174, "model": "admin.logentry", "fields": {"action_flag": 2, "action_time": "2014-08-10T21:12:47.445Z", "object_repr": "/about/staff/ -- \ud30c\uc774\ucf58 \ud55c\uad6d \ubaa8\uc784 \ubc0f \uc790\uc6d0\ubd09\uc0ac\uc790", "object_id": "3", "change_message": "Changed title and content.", "user": 1, "content_type": 8}}, {"pk": 175, "model": "admin.logentry", "fields": {"action_flag": 2, "action_time": "2014-08-10T21:12:58.300Z", "object_repr": "/about/detail/ -- \ud589\uc0ac \uc0c1\uc138 \uc815\ubcf4", "object_id": "2", "change_message": "Changed title.", "user": 1, "content_type": 8}}, {"pk": 176, "model": "admin.logentry", "fields": {"action_flag": 1, "action_time": "2014-08-10T21:13:58.603Z", "object_repr": "/coc -- coc", "object_id": "9", "change_message": "", "user": 1, "content_type": 8}}, {"pk": 177, "model": "admin.logentry", "fields": {"action_flag": 2, "action_time": "2014-08-10T21:14:12.621Z", "object_repr": "/coc/ -- coc", "object_id": "9", "change_message": "Changed url.", "user": 1, "content_type": 8}}, {"pk": 178, "model": "admin.logentry", "fields": {"action_flag": 2, "action_time": "2014-08-10T21:15:45.873Z", "object_repr": "/coc/ -- coc", "object_id": "9", "change_message": "Changed content.", "user": 1, "content_type": 8}}, {"pk": 179, "model": "admin.logentry", "fields": {"action_flag": 2, "action_time": "2014-08-10T21:16:38.091Z", "object_repr": "/coc/ -- coc", "object_id": "9", "change_message": "Changed content.", "user": 1, "content_type": 8}}, {"pk": 180, "model": "admin.logentry", "fields": {"action_flag": 2, "action_time": "2014-08-10T21:18:38.081Z", "object_repr": "/about/pyconkr/ -- \ud30c\uc774\ucf58 \ud55c\uad6d 2014\uc5d0 \ub300\ud558\uc5ec", "object_id": "1", "change_message": "Changed content.", "user": 1, "content_type": 8}}, {"pk": 181, "model": "admin.logentry", "fields": {"action_flag": 2, "action_time": "2014-08-10T21:22:52.548Z", "object_repr": "/registration/ -- \ub4f1\ub85d \ubc0f \uc785\uc7a5", "object_id": "6", "change_message": "Changed content.", "user": 1, "content_type": 8}}]